#
# There is insufficient memory for the Java Runtime Environment to continue.
# Native memory allocation (mmap) failed to map 65536 bytes. Error detail: Failed to commit metaspace.
# Possible reasons:
#   The system is out of physical RAM or swap space
#   This process is running with CompressedOops enabled, and the Java Heap may be blocking the growth of the native heap
# Possible solutions:
#   Reduce memory load on the system
#   Increase physical memory or swap space
#   Check if swap backing store is full
#   Decrease Java heap size (-Xmx/-Xms)
#   Decrease number of Java threads
#   Decrease Java thread stack sizes (-Xss)
#   Set larger code cache with -XX:ReservedCodeCacheSize=
#   JVM is running with Unscaled Compressed Oops mode in which the Java heap is
#     placed in the first 4GB address space. The Java Heap base address is the
#     maximum limit for the native heap growth. Please use -XX:HeapBaseMinAddress
#     to set the Java Heap base and to place the Java Heap above 4GB virtual address.
# This output file may be truncated or incomplete.
#
#  Out of Memory Error (virtualSpaceNode.cpp:110), pid=16368, tid=40624
#
# JRE version: OpenJDK Runtime Environment Microsoft-11926163 (17.0.16+8) (build 17.0.16+8-LTS)
# Java VM: OpenJDK 64-Bit Server VM Microsoft-11926163 (17.0.16+8-LTS, mixed mode, sharing, tiered, compressed oops, compressed class ptrs, g1 gc, windows-amd64)
# No core dump will be written. Minidumps are not enabled by default on client versions of Windows
#

---------------  S U M M A R Y ------------

Command Line: --add-opens=java.base/java.lang=ALL-UNNAMED --add-opens=java.base/java.lang.invoke=ALL-UNNAMED --add-opens=java.base/java.util=ALL-UNNAMED --add-opens=java.prefs/java.util.prefs=ALL-UNNAMED --add-exports=jdk.compiler/com.sun.tools.javac.api=ALL-UNNAMED --add-exports=jdk.compiler/com.sun.tools.javac.util=ALL-UNNAMED --add-opens=java.base/java.util=ALL-UNNAMED --add-opens=java.prefs/java.util.prefs=ALL-UNNAMED --add-opens=java.base/java.nio.charset=ALL-UNNAMED --add-opens=java.base/java.net=ALL-UNNAMED --add-opens=java.base/java.util.concurrent.atomic=ALL-UNNAMED --add-opens=java.xml/javax.xml.namespace=ALL-UNNAMED -XX:MaxMetaspaceSize=512m -Xmx2048m -Dfile.encoding=windows-1252 -Duser.country=MX -Duser.language=es -Duser.variant -javaagent:C:\Users\luiss\.gradle\wrapper\dists\gradle-8.13-bin\5xuhj0ry160q40clulazy9h7d\gradle-8.13\lib\agents\gradle-instrumentation-agent-8.13.jar org.gradle.launcher.daemon.bootstrap.GradleDaemon 8.13

Host: Intel(R) Core(TM) i7-8700T CPU @ 2.40GHz, 12 cores, 15G,  Windows 11 , 64 bit Build 26100 (10.0.26100.7309)
Time: Fri Jan  9 18:19:39 2026 Hora estándar central (México) elapsed time: 544.738925 seconds (0d 0h 9m 4s)

---------------  T H R E A D  ---------------

Current thread (0x000002127c7ba9a0):  JavaThread "WorkerExecutor Queue Thread 13" [_thread_in_vm, id=40624, stack(0x0000005256600000,0x0000005256700000)]

Stack: [0x0000005256600000,0x0000005256700000]
Native frames: (J=compiled Java code, j=interpreted, Vv=VM code, C=native code)
V  [jvm.dll+0x68ee19]
V  [jvm.dll+0x846249]
V  [jvm.dll+0x847fb8]
V  [jvm.dll+0x848643]
V  [jvm.dll+0x24cf6f]
V  [jvm.dll+0x842027]
V  [jvm.dll+0x6332bb]
V  [jvm.dll+0x1c4c0d]
V  [jvm.dll+0x635c42]
V  [jvm.dll+0x633c76]
V  [jvm.dll+0x241370]
V  [jvm.dll+0x63dc85]
V  [jvm.dll+0x1ee7a5]
V  [jvm.dll+0x1eecb5]
V  [jvm.dll+0x1ef65c]
V  [jvm.dll+0x1e4f61]
V  [jvm.dll+0x5520a9]
V  [jvm.dll+0x7bfeab]
V  [jvm.dll+0x7bffa4]
V  [jvm.dll+0x41dd84]
V  [jvm.dll+0x4248b9]
C  [java.dll+0x1818]

Java frames: (J=compiled Java code, j=interpreted, Vv=VM code)
J 770  java.lang.ClassLoader.defineClass1(Ljava/lang/ClassLoader;Ljava/lang/String;[BIILjava/security/ProtectionDomain;Ljava/lang/String;)Ljava/lang/Class; java.base@17.0.16 (0 bytes) @ 0x0000021266e04803 [0x0000021266e04740+0x00000000000000c3]
J 15673 c1 java.lang.ClassLoader.defineClass(Ljava/lang/String;[BIILjava/security/ProtectionDomain;)Ljava/lang/Class; java.base@17.0.16 (43 bytes) @ 0x000002125f41e744 [0x000002125f41e400+0x0000000000000344]
J 4806 c2 java.security.SecureClassLoader.defineClass(Ljava/lang/String;[BIILjava/security/CodeSource;)Ljava/lang/Class; java.base@17.0.16 (16 bytes) @ 0x0000021266dd70f4 [0x0000021266dd6fc0+0x0000000000000134]
J 14091 c2 java.net.URLClassLoader.findClass(Ljava/lang/String;)Ljava/lang/Class; java.base@17.0.16 (47 bytes) @ 0x00000212675558dc [0x0000021267554920+0x0000000000000fbc]
J 8279 c2 java.lang.ClassLoader.loadClass(Ljava/lang/String;Z)Ljava/lang/Class; java.base@17.0.16 (121 bytes) @ 0x00000212671d0d6c [0x00000212671d0aa0+0x00000000000002cc]
J 3320 c2 java.lang.ClassLoader.loadClass(Ljava/lang/String;)Ljava/lang/Class; java.base@17.0.16 (7 bytes) @ 0x0000021266fce3e0 [0x0000021266fce3a0+0x0000000000000040]
v  ~StubRoutines::call_stub
J 770  java.lang.ClassLoader.defineClass1(Ljava/lang/ClassLoader;Ljava/lang/String;[BIILjava/security/ProtectionDomain;Ljava/lang/String;)Ljava/lang/Class; java.base@17.0.16 (0 bytes) @ 0x0000021266e04803 [0x0000021266e04740+0x00000000000000c3]
J 15673 c1 java.lang.ClassLoader.defineClass(Ljava/lang/String;[BIILjava/security/ProtectionDomain;)Ljava/lang/Class; java.base@17.0.16 (43 bytes) @ 0x000002125f41e744 [0x000002125f41e400+0x0000000000000344]
J 4806 c2 java.security.SecureClassLoader.defineClass(Ljava/lang/String;[BIILjava/security/CodeSource;)Ljava/lang/Class; java.base@17.0.16 (16 bytes) @ 0x0000021266dd70f4 [0x0000021266dd6fc0+0x0000000000000134]
J 14091 c2 java.net.URLClassLoader.findClass(Ljava/lang/String;)Ljava/lang/Class; java.base@17.0.16 (47 bytes) @ 0x00000212675558dc [0x0000021267554920+0x0000000000000fbc]
J 8279 c2 java.lang.ClassLoader.loadClass(Ljava/lang/String;Z)Ljava/lang/Class; java.base@17.0.16 (121 bytes) @ 0x00000212671d0d6c [0x00000212671d0aa0+0x00000000000002cc]
J 3320 c2 java.lang.ClassLoader.loadClass(Ljava/lang/String;)Ljava/lang/Class; java.base@17.0.16 (7 bytes) @ 0x0000021266fce3e0 [0x0000021266fce3a0+0x0000000000000040]
v  ~StubRoutines::call_stub
j  com.android.prefs.PathLocator.singlePathOf([Lcom/android/prefs/Global;)Ljava/nio/file/Path;+7
j  com.android.prefs.AbstractAndroidLocations.computeAndroidFolder()Ljava/nio/file/Path;+61
j  com.android.prefs.AbstractAndroidLocations.getPrefsLocation()Ljava/nio/file/Path;+10
j  com.android.tools.lint.client.api.LintClient.addDefaultPathVariables(Lcom/android/tools/lint/model/PathVariables;)V+19
j  com.android.tools.lint.client.api.LintClient.getPathVariables()Lcom/android/tools/lint/model/PathVariables;+23
j  com.android.tools.lint.Main.parseArguments([Ljava/lang/String;Lcom/android/tools/lint/LintCliClient;Lcom/android/tools/lint/Main$ArgumentState;)I+4101
j  com.android.tools.lint.Main.run([Ljava/lang/String;)I+43
v  ~StubRoutines::call_stub
J 2339  jdk.internal.reflect.NativeMethodAccessorImpl.invoke0(Ljava/lang/reflect/Method;Ljava/lang/Object;[Ljava/lang/Object;)Ljava/lang/Object; java.base@17.0.16 (0 bytes) @ 0x0000021266edc4c7 [0x0000021266edc440+0x0000000000000087]
J 15963 c2 jdk.internal.reflect.NativeMethodAccessorImpl.invoke(Ljava/lang/Object;[Ljava/lang/Object;)Ljava/lang/Object; java.base@17.0.16 (137 bytes) @ 0x0000021267654fd8 [0x0000021267654f60+0x0000000000000078]
J 8351 c2 java.lang.reflect.Method.invoke(Ljava/lang/Object;[Ljava/lang/Object;)Ljava/lang/Object; java.base@17.0.16 (65 bytes) @ 0x00000212671ff8dc [0x00000212671ff2c0+0x000000000000061c]
j  com.android.build.gradle.internal.lint.AndroidLintWorkAction.invokeLintMainRunMethod(Ljava/lang/ClassLoader;Ljava/util/List;)I+104
j  com.android.build.gradle.internal.lint.AndroidLintWorkAction.runLint(Ljava/util/List;Z)I+60
j  com.android.build.gradle.internal.lint.AndroidLintWorkAction.execute()V+148
j  org.gradle.workers.internal.DefaultWorkerServer.execute(Lorg/gradle/workers/internal/SimpleActionExecutionSpec;)Lorg/gradle/workers/internal/DefaultWorkResult;+128
j  org.gradle.workers.internal.NoIsolationWorkerFactory$1$1.create()Lorg/gradle/workers/internal/DefaultWorkResult;+29
j  org.gradle.workers.internal.NoIsolationWorkerFactory$1$1.create()Ljava/lang/Object;+1
j  org.gradle.internal.classloader.ClassLoaderUtils.executeInClassloader(Ljava/lang/ClassLoader;Lorg/gradle/internal/Factory;)Ljava/lang/Object;+15
j  org.gradle.workers.internal.NoIsolationWorkerFactory$1.lambda$execute$0(Ljava/lang/ClassLoader;Lorg/gradle/workers/WorkerExecutor;Lorg/gradle/workers/internal/IsolatedParametersActionExecutionSpec;)Lorg/gradle/workers/internal/DefaultWorkResult;+10
j  org.gradle.workers.internal.NoIsolationWorkerFactory$1$$Lambda$3230+0x0000021201aeda70.execute(Lorg/gradle/workers/internal/IsolatedParametersActionExecutionSpec;)Lorg/gradle/workers/internal/DefaultWorkResult;+13
j  org.gradle.workers.internal.AbstractWorker$1.call(Lorg/gradle/internal/operations/BuildOperationContext;)Lorg/gradle/workers/internal/DefaultWorkResult;+8
j  org.gradle.workers.internal.AbstractWorker$1.call(Lorg/gradle/internal/operations/BuildOperationContext;)Ljava/lang/Object;+2
J 16768 c2 org.gradle.internal.operations.DefaultBuildOperationRunner$CallableBuildOperationWorker.execute(Lorg/gradle/internal/operations/BuildOperation;Lorg/gradle/internal/operations/BuildOperationContext;)V (10 bytes) @ 0x000002126749da10 [0x000002126749d9a0+0x0000000000000070]
J 16992 c2 org.gradle.internal.operations.DefaultBuildOperationRunner.call(Lorg/gradle/internal/operations/CallableBuildOperation;)Ljava/lang/Object; (24 bytes) @ 0x000002126776e590 [0x000002126776dce0+0x00000000000008b0]
j  org.gradle.workers.internal.AbstractWorker.executeWrappedInBuildOperation(Lorg/gradle/workers/internal/IsolatedParametersActionExecutionSpec;Lorg/gradle/internal/operations/BuildOperationRef;Lorg/gradle/workers/internal/AbstractWorker$Work;)Lorg/gradle/workers/internal/DefaultWorkResult;+15
j  org.gradle.workers.internal.NoIsolationWorkerFactory$1.execute(Lorg/gradle/workers/internal/IsolatedParametersActionExecutionSpec;Lorg/gradle/internal/operations/BuildOperationRef;)Lorg/gradle/workers/internal/DefaultWorkResult;+17
j  org.gradle.workers.internal.DefaultWorkerExecutor.lambda$submitWork$0(Lorg/gradle/workers/internal/WorkerFactory;Lorg/gradle/workers/internal/WorkerRequirement;Lorg/gradle/workers/internal/IsolatedParametersActionExecutionSpec;Lorg/gradle/internal/operations/BuildOperationRef;)Lorg/gradle/workers/internal/DefaultWorkResult;+13
j  org.gradle.workers.internal.DefaultWorkerExecutor$$Lambda$3228+0x0000021201af0d40.call()Ljava/lang/Object;+16
J 3958 c1 java.util.concurrent.FutureTask.run()V java.base@17.0.16 (123 bytes) @ 0x000002125fac7dbc [0x000002125fac75c0+0x00000000000007fc]
j  org.gradle.internal.work.DefaultConditionalExecutionQueue$ExecutionRunner.runExecution(Lorg/gradle/internal/work/ConditionalExecution;)V+6
j  org.gradle.internal.work.DefaultConditionalExecutionQueue$ExecutionRunner.access$700(Lorg/gradle/internal/work/DefaultConditionalExecutionQueue$ExecutionRunner;Lorg/gradle/internal/work/ConditionalExecution;)V+2
j  org.gradle.internal.work.DefaultConditionalExecutionQueue$ExecutionRunner$1.run()V+14
J 23482 c1 org.gradle.internal.Factories$1.create()Ljava/lang/Object; (11 bytes) @ 0x00000212613c1ac4 [0x00000212613c19c0+0x0000000000000104]
J 12974 c1 org.gradle.internal.work.DefaultWorkerLeaseService.withLocks(Ljava/util/Collection;Lorg/gradle/internal/Factory;)Ljava/lang/Object; (53 bytes) @ 0x00000212607c07e4 [0x00000212607c0640+0x00000000000001a4]
J 12128 c1 org.gradle.internal.work.DefaultWorkerLeaseService.runAsWorkerThread(Lorg/gradle/internal/Factory;)Ljava/lang/Object; (37 bytes) @ 0x0000021260629d74 [0x00000212606297e0+0x0000000000000594]
j  org.gradle.internal.work.DefaultWorkerLeaseService.runAsWorkerThread(Ljava/lang/Runnable;)V+5
j  org.gradle.internal.work.DefaultConditionalExecutionQueue$ExecutionRunner.runBatch(Lorg/gradle/internal/work/ConditionalExecution;)V+16
j  org.gradle.internal.work.DefaultConditionalExecutionQueue$ExecutionRunner.run()V+11
J 17840 c1 java.util.concurrent.Executors$RunnableAdapter.call()Ljava/lang/Object; java.base@17.0.16 (14 bytes) @ 0x0000021260cb99cc [0x0000021260cb98c0+0x000000000000010c]
J 9602 c2 org.gradle.internal.concurrent.ExecutorPolicy$CatchAndRecordFailures.onExecute(Ljava/lang/Runnable;)V (29 bytes) @ 0x000002126723bf44 [0x000002126723bae0+0x0000000000000464]
J 12093 c1 org.gradle.internal.concurrent.AbstractManagedExecutor$1.run()V (57 bytes) @ 0x0000021260619a3c [0x0000021260619880+0x00000000000001bc]
J 20288 c1 java.util.concurrent.ThreadPoolExecutor.runWorker(Ljava/util/concurrent/ThreadPoolExecutor$Worker;)V java.base@17.0.16 (187 bytes) @ 0x0000021260f85774 [0x0000021260f84ea0+0x00000000000008d4]
J 16717 c1 java.util.concurrent.ThreadPoolExecutor$Worker.run()V java.base@17.0.16 (9 bytes) @ 0x0000021260ab75a4 [0x0000021260ab7540+0x0000000000000064]
J 18754 c1 java.lang.Thread.run()V java.base@17.0.16 (17 bytes) @ 0x00000212608ead7c [0x00000212608eac40+0x000000000000013c]
v  ~StubRoutines::call_stub

Compiled method (n/a)  545200  770     n 0       java.lang.ClassLoader::defineClass1 (native)
 total in heap  [0x0000021266e04590,0x0000021266e04a90] = 1280
 relocation     [0x0000021266e046f0,0x0000021266e04728] = 56
 main code      [0x0000021266e04740,0x0000021266e04a90] = 848

[Constant Pool (empty)]

[MachCode]
[Entry Point]
  # {method} {0x0000021200010f28} 'defineClass1' '(Ljava/lang/ClassLoader;Ljava/lang/String;[BIILjava/security/ProtectionDomain;Ljava/lang/String;)Ljava/lang/Class;' in 'java/lang/ClassLoader'
  # parm0:    rdx:rdx   = 'java/lang/ClassLoader'
  # parm1:    r8:r8     = 'java/lang/String'
  # parm2:    r9:r9     = '[B'
  # parm3:    rdi       = int
  # parm4:    rsi       = int
  # parm5:    rcx:rcx   = 'java/security/ProtectionDomain'
  # parm6:    [sp+0xa0]   = 'java/lang/String'  (sp of caller)
  0x0000021266e04740: 448b 5208 | 49bb 0000 | 0000 1202 | 0000 4d03 | d349 3bc2 | 0f84 0600 

  0x0000021266e04758: ;   {runtime_call ic_miss_stub}
  0x0000021266e04758: 0000 e921 | c9a5 ff90 
[Verified Entry Point]
  0x0000021266e04760: 8984 2400 | 90ff ff55 | 488b ec48 | 81ec 9000 | 0000 4881 | 7d10 0000 | 0000 488d | 4510 480f 
  0x0000021266e04780: 4445 1048 | 8944 2440 | 4889 4c24 | 7048 83f9 | 0048 8d44 | 2470 480f | 4444 2470 | 4889 4424 
  0x0000021266e047a0: 3848 8974 | 2430 4889 | 7c24 284c | 894c 2458 | 4983 f900 | 488d 4424 | 5848 0f44 | 4424 5848 
  0x0000021266e047c0: 8944 2420 | 4c89 4424 | 5049 83f8 | 004c 8d4c | 2450 4c0f | 444c 2450 | 4889 5424 | 4848 83fa 
  0x0000021266e047e0: 004c 8d44 | 2448 4c0f | 4444 2448 

  0x0000021266e047ec: ;   {oop(a 'java/lang/Class'{0x00000000805b9f70} = 'java/lang/ClassLoader')}
  0x0000021266e047ec: 49be 709f | 5b80 0000 | 0000 4c89 | 7424 784c | 8d74 2478 | 498b d6c5 

  0x0000021266e04804: ;   {internal_word}
  0x0000021266e04804: f877 49ba | 0348 e066 | 1202 0000 | 4d89 97a0 | 0200 0049 | 89a7 9802 

  0x0000021266e0481c: ;   {external_word}
  0x0000021266e0481c: 0000 49ba | d4b8 8ceb | f87f 0000 | 4180 3a00 | 0f84 5200 | 0000 5241 

  0x0000021266e04834: ;   {metadata({method} {0x0000021200010f28} 'defineClass1' '(Ljava/lang/ClassLoader;Ljava/lang/String;[BIILjava/security/ProtectionDomain;Ljava/lang/String;)Ljava/lang/Class;' in 'java/lang/ClassLoader')}
  0x0000021266e04834: 5041 5148 | ba20 0f01 | 0012 0200 | 0049 8bcf | 4883 ec20 | f7c4 0f00 | 0000 0f84 | 1a00 0000 
  0x0000021266e04854: 4883 ec08 

  0x0000021266e04858: ;   {runtime_call}
  0x0000021266e04858: 49ba 2056 | 42eb f87f | 0000 41ff | d248 83c4 | 08e9 0d00 

  0x0000021266e0486c: ;   {runtime_call}
  0x0000021266e0486c: 0000 49ba | 2056 42eb | f87f 0000 | 41ff d248 | 83c4 2041 | 5941 585a | 498d 8fb8 | 0200 0041 
  0x0000021266e0488c: c787 4003 | 0000 0400 

  0x0000021266e04894: ;   {runtime_call}
  0x0000021266e04894: 0000 49ba | d016 de92 | f97f 0000 | 41ff d2c5 | f877 41c7 | 8740 0300 | 0005 0000 | 00f0 8344 
  0x0000021266e048b4: 24c0 0049 | 3baf 4803 | 0000 0f87 | 1100 0000 | 4181 bf30 | 0300 0000 | 0000 000f | 842c 0000 
  0x0000021266e048d4: 00c5 f877 | 4889 45f8 | 498b cf4c | 8be4 4883 | ec20 4883 

  0x0000021266e048e8: ;   {runtime_call}
  0x0000021266e048e8: e4f0 49ba | 5063 52eb | f87f 0000 | 41ff d249 | 8be4 4d33 | e448 8b45 | f841 c787 | 4003 0000 
  0x0000021266e04908: 0800 0000 | 4181 bfb0 | 0300 0002 | 0000 000f | 843f 0100 

  0x0000021266e0491c: ;   {external_word}
  0x0000021266e0491c: 0049 bad4 | b88c ebf8 | 7f00 0041 | 803a 000f | 8450 0000 | 0048 8945 

  0x0000021266e04934: ;   {metadata({method} {0x0000021200010f28} 'defineClass1' '(Ljava/lang/ClassLoader;Ljava/lang/String;[BIILjava/security/ProtectionDomain;Ljava/lang/String;)Ljava/lang/Class;' in 'java/lang/ClassLoader')}
  0x0000021266e04934: f848 ba20 | 0f01 0012 | 0200 0049 | 8bcf 4883 | ec20 f7c4 | 0f00 0000 | 0f84 1a00 | 0000 4883 
  0x0000021266e04954: ;   {runtime_call}
  0x0000021266e04954: ec08 49ba | 2056 42eb | f87f 0000 | 41ff d248 | 83c4 08e9 | 0d00 0000 

  0x0000021266e0496c: ;   {runtime_call}
  0x0000021266e0496c: 49ba 2056 | 42eb f87f | 0000 41ff | d248 83c4 | 2048 8b45 | f849 c787 | 9802 0000 | 0000 0000 
  0x0000021266e0498c: 49c7 87a0 | 0200 0000 | 0000 00c5 | f877 4885 | c00f 8493 | 0000 0048 | f7c0 0100 | 0000 0f84 
  0x0000021266e049ac: 8300 0000 | 488b 40ff | 4180 7f38 | 000f 846f | 0000 0048 | 83f8 000f | 8465 0000 | 0049 8b4f 
  0x0000021266e049cc: 2048 83f9 | 000f 8414 | 0000 0048 | 83e9 0849 | 894f 2049 | 034f 3048 | 8901 e943 | 0000 0050 
  0x0000021266e049ec: 498b d748 | 8bc8 4883 | ec20 f7c4 | 0f00 0000 | 0f84 1a00 | 0000 4883 

  0x0000021266e04a04: ;   {runtime_call}
  0x0000021266e04a04: ec08 49ba | 50ce 00eb | f87f 0000 | 41ff d248 | 83c4 08e9 | 0d00 0000 

  0x0000021266e04a1c: ;   {runtime_call}
  0x0000021266e04a1c: 49ba 50ce | 00eb f87f | 0000 41ff | d248 83c4 | 2058 e903 | 0000 0048 | 8b00 498b | 8fd8 0000 
  0x0000021266e04a3c: 00c7 8100 | 0100 0000 | 0000 00c9 | 4981 7f08 | 0000 0000 | 0f85 0100 

  0x0000021266e04a54: ;   {runtime_call StubRoutines (1)}
  0x0000021266e04a54: 0000 c3e9 | a4c4 a0ff | c5f8 7748 | 8945 f84c | 8be4 4883 | ec20 4883 

  0x0000021266e04a6c: ;   {runtime_call}
  0x0000021266e04a6c: e4f0 49ba | e086 42eb | f87f 0000 | 41ff d249 | 8be4 4d33 | e448 8b45 | f8e9 93fe | ffff f4f4 
  0x0000021266e04a8c: f4f4 f4f4 
[/MachCode]


Compiled method (c1)  545370 15673       3       java.lang.ClassLoader::defineClass (43 bytes)
 total in heap  [0x000002125f41e210,0x000002125f41eb28] = 2328
 relocation     [0x000002125f41e370,0x000002125f41e400] = 144
 main code      [0x000002125f41e400,0x000002125f41e880] = 1152
 stub code      [0x000002125f41e880,0x000002125f41e8f8] = 120
 metadata       [0x000002125f41e8f8,0x000002125f41e928] = 48
 scopes data    [0x000002125f41e928,0x000002125f41ea18] = 240
 scopes pcs     [0x000002125f41ea18,0x000002125f41eaf8] = 224
 dependencies   [0x000002125f41eaf8,0x000002125f41eb00] = 8
 nul chk table  [0x000002125f41eb00,0x000002125f41eb28] = 40

[Constant Pool (empty)]

[MachCode]
[Entry Point]
  # {method} {0x0000021200010cc0} 'defineClass' '(Ljava/lang/String;[BIILjava/security/ProtectionDomain;)Ljava/lang/Class;' in 'java/lang/ClassLoader'
  # this:     rdx:rdx   = 'java/lang/ClassLoader'
  # parm0:    r8:r8     = 'java/lang/String'
  # parm1:    r9:r9     = '[B'
  # parm2:    rdi       = int
  # parm3:    rsi       = int
  # parm4:    rcx:rcx   = 'java/security/ProtectionDomain'
  #           [sp+0xc0]  (sp of caller)
  0x000002125f41e400: 448b 5208 | 49bb 0000 | 0000 1202 | 0000 4d03 | d34c 3bd0 

  0x000002125f41e414: ;   {runtime_call ic_miss_stub}
  0x000002125f41e414: 0f85 662c | 4407 660f | 1f44 0000 
[Verified Entry Point]
  0x000002125f41e420: 8984 2400 | 90ff ff55 | 4881 ecb0 | 0000 0048 | 8954 2478 

  0x000002125f41e434: ;   {metadata(method data for {method} {0x0000021200010cc0} 'defineClass' '(Ljava/lang/String;[BIILjava/security/ProtectionDomain;)Ljava/lang/Class;' in 'java/lang/ClassLoader')}
  0x000002125f41e434: 48bb 5850 | 1a77 1202 | 0000 8b83 | cc00 0000 | 83c0 0289 | 83cc 0000 | 0081 e0fe | 0700 0083 
  0x000002125f41e454: f800 0f84 | 3e03 0000 | 89b4 2494 | 0000 0089 | bc24 9000 | 0000 4c89 | 8c24 8800 | 0000 488b 
  0x000002125f41e474: ;   {metadata(method data for {method} {0x0000021200010cc0} 'defineClass' '(Ljava/lang/String;[BIILjava/security/ProtectionDomain;)Ljava/lang/Class;' in 'java/lang/ClassLoader')}
  0x000002125f41e474: da48 b858 | 501a 7712 | 0200 0048 | 8380 1001 | 0000 0149 | 8bd8 4c8b | c34c 8bc9 | 488b ca48 
  0x000002125f41e494: 8bd1 4889 | 9c24 8000 

  0x000002125f41e49c: ;   {optimized virtual_call}
  0x000002125f41e49c: 0000 90e8 

  0x000002125f41e4a0: ; ImmutableOopMap {[120]=Oop [136]=Oop [128]=Oop }
                      ;*invokevirtual preDefineClass {reexecute=0 rethrow=0 return_oop=0}
                      ; - java.lang.ClassLoader::defineClass@4 (line 1015)
  0x000002125f41e4a0: fcc5 1e08 | 4889 8424 | 9800 0000 | 488b 5424 

  0x000002125f41e4b0: ;   {metadata(method data for {method} {0x0000021200010cc0} 'defineClass' '(Ljava/lang/String;[BIILjava/security/ProtectionDomain;)Ljava/lang/Class;' in 'java/lang/ClassLoader')}
  0x000002125f41e4b0: 7849 b858 | 501a 7712 | 0200 0049 | 8380 4801 

  0x000002125f41e4c0: ;   {metadata(method data for {method} {0x0000021200010ed0} 'defineClassSourceLocation' '(Ljava/security/ProtectionDomain;)Ljava/lang/String;' in 'java/lang/ClassLoader')}
  0x000002125f41e4c0: 0000 0149 | b838 6f1a | 7712 0200 | 0041 8b90 | cc00 0000 | 83c2 0241 | 8990 cc00 | 0000 81e2 
  0x000002125f41e4e0: feff 1f00 | 83fa 000f | 84ce 0200 | 0048 3b00 

  0x000002125f41e4f0: ;   {metadata(method data for {method} {0x0000021200010ed0} 'defineClassSourceLocation' '(Ljava/security/ProtectionDomain;)Ljava/lang/String;' in 'java/lang/ClassLoader')}
  0x000002125f41e4f0: 4c8b c048 | ba38 6f1a | 7712 0200 | 0048 8382 | 1001 0000 | 0144 8b40 | 1049 83f8 

  0x000002125f41e50c: ;   {metadata(method data for {method} {0x0000021200010ed0} 'defineClassSourceLocation' '(Ljava/security/ProtectionDomain;)Ljava/lang/String;' in 'java/lang/ClassLoader')}
  0x000002125f41e50c: 0048 ba38 | 6f1a 7712 | 0200 0048 | c7c6 5801 | 0000 0f85 | 0700 0000 | 48c7 c648 | 0100 0048 
  0x000002125f41e52c: 8b3c 3248 | 8d7f 0148 | 893c 320f | 850f 0000 

  0x000002125f41e53c: ;   {oop(NULL)}
  0x000002125f41e53c: 0048 bb00 | 0000 0000 | 0000 00e9 | a301 0000 

  0x000002125f41e54c: ; implicit exception: dispatches to 0x000002125f41e7e1
  0x000002125f41e54c: 493b 0049 

  0x000002125f41e550: ;   {metadata(method data for {method} {0x0000021200010ed0} 'defineClassSourceLocation' '(Ljava/security/ProtectionDomain;)Ljava/lang/String;' in 'java/lang/ClassLoader')}
  0x000002125f41e550: 8bd0 48be | 386f 1a77 | 1202 0000 | 4883 8668 | 0100 0001 | 418b 500c | 4883 fa00 

  0x000002125f41e56c: ;   {metadata(method data for {method} {0x0000021200010ed0} 'defineClassSourceLocation' '(Ljava/security/ProtectionDomain;)Ljava/lang/String;' in 'java/lang/ClassLoader')}
  0x000002125f41e56c: 48be 386f | 1a77 1202 | 0000 48c7 | c7b0 0100 | 000f 8507 | 0000 0048 | c7c7 a001 | 0000 488b 
  0x000002125f41e58c: 1c3e 488d | 5b01 4889 | 1c3e 0f85 | 0f00 0000 

  0x000002125f41e59c: ;   {oop(NULL)}
  0x000002125f41e59c: 48bb 0000 | 0000 0000 | 0000 e944 

  0x000002125f41e5a8: ;   {metadata(method data for {method} {0x0000021200010ed0} 'defineClassSourceLocation' '(Ljava/security/ProtectionDomain;)Ljava/lang/String;' in 'java/lang/ClassLoader')}
  0x000002125f41e5a8: 0100 0048 | be38 6f1a | 7712 0200 | 0048 8386 | c001 0000 | 0148 3b02 

  0x000002125f41e5c0: ;   {metadata(method data for {method} {0x0000021200010ed0} 'defineClassSourceLocation' '(Ljava/security/ProtectionDomain;)Ljava/lang/String;' in 'java/lang/ClassLoader')}
  0x000002125f41e5c0: 4c8b c248 | be38 6f1a | 7712 0200 | 0048 8386 | f801 0000 

  0x000002125f41e5d4: ;   {metadata(method data for {method} {0x000002120006a070} 'toString' '()Ljava/lang/String;' in 'java/net/URL')}
  0x000002125f41e5d4: 0149 b850 | 600d 7712 | 0200 0041 | 8bb0 cc00 | 0000 83c6 | 0241 89b0 | cc00 0000 | 81e6 feff 
  0x000002125f41e5f4: 1f00 83fe | 000f 84ec | 0100 004c 

  0x000002125f41e600: ;   {metadata(method data for {method} {0x000002120006a070} 'toString' '()Ljava/lang/String;' in 'java/net/URL')}
  0x000002125f41e600: 8bc2 48be | 5060 0d77 | 1202 0000 | 4883 8610 | 0100 0001 

  0x000002125f41e614: ;   {metadata(method data for {method} {0x000002120006a908} 'toExternalForm' '()Ljava/lang/String;' in 'java/net/URL')}
  0x000002125f41e614: 49b8 d861 | 0d77 1202 | 0000 418b | b0cc 0000 | 0083 c602 | 4189 b0cc | 0000 0081 | e6fe ff1f 
  0x000002125f41e634: 0083 fe00 | 0f84 ce01 | 0000 8b72 | 3848 3b06 

  0x000002125f41e644: ;   {metadata(method data for {method} {0x000002120006a908} 'toExternalForm' '()Ljava/lang/String;' in 'java/net/URL')}
  0x000002125f41e644: 4c8b c648 | bfd8 610d | 7712 0200 | 0045 8b40 | 0849 ba00 | 0000 0012 | 0200 004d | 03c2 4c3b 
  0x000002125f41e664: 8720 0100 | 0075 0d48 | 8387 2801 | 0000 01e9 | 6600 0000 | 4c3b 8730 | 0100 0075 | 0d48 8387 
  0x000002125f41e684: 3801 0000 | 01e9 5000 | 0000 4881 | bf20 0100 | 0000 0000 | 0075 174c | 8987 2001 | 0000 48c7 
  0x000002125f41e6a4: 8728 0100 | 0001 0000 | 00e9 2c00 | 0000 4881 | bf30 0100 | 0000 0000 | 0075 174c | 8987 3001 
  0x000002125f41e6c4: 0000 48c7 | 8738 0100 | 0001 0000 | 00e9 0800 | 0000 4883 | 8710 0100 | 0001 4c8b | c248 8bd6 
  0x000002125f41e6e4: ;   {optimized virtual_call}
  0x000002125f41e6e4: 6666 90e8 

  0x000002125f41e6e8: ; ImmutableOopMap {[120]=Oop [136]=Oop [128]=Oop [152]=Oop }
                      ;*invokevirtual toExternalForm {reexecute=0 rethrow=0 return_oop=0}
                      ; - java.net.URL::toExternalForm@5 (line 1039)
                      ; - java.net.URL::toString@1 (line 1025)
                      ; - java.lang.ClassLoader::defineClassSourceLocation@22 (line 917)
                      ; - java.lang.ClassLoader::defineClass@12 (line 1016)
  0x000002125f41e6e8: b40c b807 | 488b d848 | 8b84 2498 | 0000 008b | b424 9400 | 0000 8bbc | 2490 0000 | 004c 8b8c 
  0x000002125f41e708: 2488 0000 | 004c 8b84 | 2480 0000 | 0048 8b54 

  0x000002125f41e718: ;   {metadata(method data for {method} {0x0000021200010cc0} 'defineClass' '(Ljava/lang/String;[BIILjava/security/ProtectionDomain;)Ljava/lang/Class;' in 'java/lang/ClassLoader')}
  0x000002125f41e718: 2478 48b9 | 5850 1a77 | 1202 0000 | 4883 8180 | 0100 0001 | 4c8b da49 | 8bd3 488b | c848 891c 
  0x000002125f41e738: 2466 0f1f 

  0x000002125f41e73c: ;   {static_call}
  0x000002125f41e73c: 4400 00e8 

  0x000002125f41e740: ; ImmutableOopMap {[152]=Oop [120]=Oop }
                      ;*invokestatic defineClass1 {reexecute=0 rethrow=0 return_oop=0}
                      ; - java.lang.ClassLoader::defineClass@27 (line 1017)
  0x000002125f41e740: 1c60 9e07 | 488b 5424 

  0x000002125f41e748: ;   {metadata(method data for {method} {0x0000021200010cc0} 'defineClass' '(Ljava/lang/String;[BIILjava/security/ProtectionDomain;)Ljava/lang/Class;' in 'java/lang/ClassLoader')}
  0x000002125f41e748: 7849 b858 | 501a 7712 | 0200 0049 | 8380 9001 | 0000 014c | 8bc0 4c8b | 8c24 9800 | 0000 488b 
  0x000002125f41e768: 5424 7848 | 8984 24a0 | 0000 000f 

  0x000002125f41e774: ;   {optimized virtual_call}
  0x000002125f41e774: 1f40 00e8 

  0x000002125f41e778: ; ImmutableOopMap {[160]=Oop }
                      ;*invokevirtual postDefineClass {reexecute=0 rethrow=0 return_oop=0}
                      ; - java.lang.ClassLoader::defineClass@37 (line 1018)
  0x000002125f41e778: 648e c407 | 488b 8424 | a000 0000 | 4881 c4b0 | 0000 005d 

  0x000002125f41e78c: ;   {poll_return}
  0x000002125f41e78c: 493b a748 | 0300 000f | 8799 0000 

  0x000002125f41e798: ;   {metadata({method} {0x0000021200010cc0} 'defineClass' '(Ljava/lang/String;[BIILjava/security/ProtectionDomain;)Ljava/lang/Class;' in 'java/lang/ClassLoader')}
  0x000002125f41e798: 00c3 49ba | b80c 0100 | 1202 0000 | 4c89 5424 | 0848 c704 | 24ff ffff 

  0x000002125f41e7b0: ;   {runtime_call counter_overflow Runtime1 stub}
  0x000002125f41e7b0: ffe8 cad6 

  0x000002125f41e7b4: ; ImmutableOopMap {rdx=Oop [120]=Oop r8=Oop r9=Oop rcx=Oop }
                      ;*synchronization entry
                      ; - java.lang.ClassLoader::defineClass@-1 (line 1015)
  0x000002125f41e7b4: 4e07 e9a1 

  0x000002125f41e7b8: ;   {metadata({method} {0x0000021200010ed0} 'defineClassSourceLocation' '(Ljava/security/ProtectionDomain;)Ljava/lang/String;' in 'java/lang/ClassLoader')}
  0x000002125f41e7b8: fcff ff49 | bac8 0e01 | 0012 0200 | 004c 8954 | 2408 48c7 | 0424 ffff 

  0x000002125f41e7d0: ;   {runtime_call counter_overflow Runtime1 stub}
  0x000002125f41e7d0: ffff e8a9 

  0x000002125f41e7d4: ; ImmutableOopMap {[120]=Oop [136]=Oop [128]=Oop rax=Oop [152]=Oop }
                      ;*synchronization entry
                      ; - java.lang.ClassLoader::defineClassSourceLocation@-1 (line 914)
                      ; - java.lang.ClassLoader::defineClass@12 (line 1016)
  0x000002125f41e7d4: d64e 07e9 | 11fd ffff 

  0x000002125f41e7dc: ;   {runtime_call throw_null_pointer_exception Runtime1 stub}
  0x000002125f41e7dc: e8bf 794e 

  0x000002125f41e7e0: ; ImmutableOopMap {[120]=Oop [136]=Oop [128]=Oop rax=Oop [152]=Oop }
                      ;*invokevirtual getCodeSource {reexecute=0 rethrow=0 return_oop=0}
                      ; - java.lang.ClassLoader::defineClassSourceLocation@1 (line 914)
                      ; - java.lang.ClassLoader::defineClass@12 (line 1016)
                      ;   {runtime_call throw_null_pointer_exception Runtime1 stub}
  0x000002125f41e7e0: 07e8 ba79 

  0x000002125f41e7e4: ; ImmutableOopMap {[120]=Oop [136]=Oop [128]=Oop rax=Oop [152]=Oop r8=Oop }
                      ;*invokevirtual getLocation {reexecute=0 rethrow=0 return_oop=0}
                      ; - java.lang.ClassLoader::defineClassSourceLocation@12 (line 916)
                      ; - java.lang.ClassLoader::defineClass@12 (line 1016)
                      ;   {runtime_call throw_null_pointer_exception Runtime1 stub}
  0x000002125f41e7e4: 4e07 e8b5 

  0x000002125f41e7e8: ; ImmutableOopMap {[120]=Oop [136]=Oop [128]=Oop [152]=Oop rdx=Oop }
                      ;*invokevirtual toString {reexecute=0 rethrow=0 return_oop=0}
                      ; - java.lang.ClassLoader::defineClassSourceLocation@22 (line 917)
                      ; - java.lang.ClassLoader::defineClass@12 (line 1016)
                      ;   {metadata({method} {0x000002120006a070} 'toString' '()Ljava/lang/String;' in 'java/net/URL')}
  0x000002125f41e7e8: 794e 0749 | ba68 a006 | 0012 0200 | 004c 8954 | 2408 48c7 | 0424 ffff 

  0x000002125f41e800: ;   {runtime_call counter_overflow Runtime1 stub}
  0x000002125f41e800: ffff e879 

  0x000002125f41e804: ; ImmutableOopMap {[120]=Oop [136]=Oop [128]=Oop [152]=Oop rdx=Oop }
                      ;*synchronization entry
                      ; - java.net.URL::toString@-1 (line 1025)
                      ; - java.lang.ClassLoader::defineClassSourceLocation@22 (line 917)
                      ; - java.lang.ClassLoader::defineClass@12 (line 1016)
  0x000002125f41e804: d64e 07e9 | f3fd ffff 

  0x000002125f41e80c: ;   {metadata({method} {0x000002120006a908} 'toExternalForm' '()Ljava/lang/String;' in 'java/net/URL')}
  0x000002125f41e80c: 49ba 00a9 | 0600 1202 | 0000 4c89 | 5424 0848 | c704 24ff 

  0x000002125f41e820: ;   {runtime_call counter_overflow Runtime1 stub}
  0x000002125f41e820: ffff ffe8 

  0x000002125f41e824: ; ImmutableOopMap {[120]=Oop [136]=Oop [128]=Oop [152]=Oop rdx=Oop }
                      ;*synchronization entry
                      ; - java.net.URL::toExternalForm@-1 (line 1039)
                      ; - java.net.URL::toString@1 (line 1025)
                      ; - java.lang.ClassLoader::defineClassSourceLocation@22 (line 917)
                      ; - java.lang.ClassLoader::defineClass@12 (line 1016)
  0x000002125f41e824: 58d6 4e07 | e911 feff 

  0x000002125f41e82c: ;   {runtime_call throw_null_pointer_exception Runtime1 stub}
  0x000002125f41e82c: ffe8 6e79 

  0x000002125f41e830: ; ImmutableOopMap {[120]=Oop [136]=Oop [128]=Oop [152]=Oop rdx=Oop rsi=Oop }
                      ;*invokevirtual toExternalForm {reexecute=0 rethrow=0 return_oop=0}
                      ; - java.net.URL::toExternalForm@5 (line 1039)
                      ; - java.net.URL::toString@1 (line 1025)
                      ; - java.lang.ClassLoader::defineClassSourceLocation@22 (line 917)
                      ; - java.lang.ClassLoader::defineClass@12 (line 1016)
                      ;   {internal_word}
  0x000002125f41e830: 4e07 49ba | 8ce7 415f | 1202 0000 | 4d89 9760 

  0x000002125f41e840: ;   {runtime_call SafepointBlob}
  0x000002125f41e840: 0300 00e9 | b891 4407 | 9090 498b | 87d8 0300 | 0049 c787 | d803 0000 | 0000 0000 | 49c7 87e0 
  0x000002125f41e860: 0300 0000 | 0000 0048 | 81c4 b000 

  0x000002125f41e86c: ;   {runtime_call unwind_exception Runtime1 stub}
  0x000002125f41e86c: 0000 5de9 | 8c99 4507 | f4f4 f4f4 | f4f4 f4f4 | f4f4 f4f4 
[Stub Code]
  0x000002125f41e880: ;   {no_reloc}
  0x000002125f41e880: 0f1f 4400 

  0x000002125f41e884: ;   {static_stub}
  0x000002125f41e884: 0048 bb00 | 0000 0000 

  0x000002125f41e88c: ;   {runtime_call}
  0x000002125f41e88c: 0000 00e9 | fbff ffff 

  0x000002125f41e894: ;   {static_stub}
  0x000002125f41e894: 9048 bb00 | 0000 0000 

  0x000002125f41e89c: ;   {runtime_call}
  0x000002125f41e89c: 0000 00e9 | fbff ffff 

  0x000002125f41e8a4: ;   {static_stub}
  0x000002125f41e8a4: 9048 bb00 | 0000 0000 

  0x000002125f41e8ac: ;   {runtime_call}
  0x000002125f41e8ac: 0000 00e9 | fbff ffff 

  0x000002125f41e8b4: ;   {static_stub}
  0x000002125f41e8b4: 9048 bb00 | 0000 0000 

  0x000002125f41e8bc: ;   {runtime_call}
  0x000002125f41e8bc: 0000 00e9 | fbff ffff 
[Exception Handler]
  0x000002125f41e8c4: ;   {runtime_call handle_exception_from_callee Runtime1 stub}
  0x000002125f41e8c4: e8b7 a24e 

  0x000002125f41e8c8: ;   {external_word}
  0x000002125f41e8c8: 0748 b940 | ba66 ebf8 | 7f00 0048 

  0x000002125f41e8d4: ;   {runtime_call}
  0x000002125f41e8d4: 83e4 f049 | ba40 342f | ebf8 7f00 | 0041 ffd2 

  0x000002125f41e8e4: ;   {section_word}
  0x000002125f41e8e4: f449 bae5 | e841 5f12 | 0200 0041 

  0x000002125f41e8f0: ;   {runtime_call DeoptimizationBlob}
  0x000002125f41e8f0: 52e9 aa83 | 4407 f4f4 
[/MachCode]


Compiled method (c2)  545397 4806       4       java.security.SecureClassLoader::defineClass (16 bytes)
 total in heap  [0x0000021266dd6e10,0x0000021266dd7500] = 1776
 relocation     [0x0000021266dd6f70,0x0000021266dd6fc0] = 80
 main code      [0x0000021266dd6fc0,0x0000021266dd7260] = 672
 stub code      [0x0000021266dd7260,0x0000021266dd7298] = 56
 metadata       [0x0000021266dd7298,0x0000021266dd72c8] = 48
 scopes data    [0x0000021266dd72c8,0x0000021266dd73d0] = 264
 scopes pcs     [0x0000021266dd73d0,0x0000021266dd7480] = 176
 dependencies   [0x0000021266dd7480,0x0000021266dd7488] = 8
 handler table  [0x0000021266dd7488,0x0000021266dd74e8] = 96
 nul chk table  [0x0000021266dd74e8,0x0000021266dd7500] = 24

[Constant Pool (empty)]

[MachCode]
[Entry Point]
  # {method} {0x0000021200434f30} 'defineClass' '(Ljava/lang/String;[BIILjava/security/CodeSource;)Ljava/lang/Class;' in 'java/security/SecureClassLoader'
  # this:     rdx:rdx   = 'java/security/SecureClassLoader'
  # parm0:    r8:r8     = 'java/lang/String'
  # parm1:    r9:r9     = '[B'
  # parm2:    rdi       = int
  # parm3:    rsi       = int
  # parm4:    rcx:rcx   = 'java/security/CodeSource'
  #           [sp+0x60]  (sp of caller)
  0x0000021266dd6fc0: 448b 5208 | 49bb 0000 | 0000 1202 | 0000 4d03 | d349 3bc2 

  0x0000021266dd6fd4: ;   {runtime_call ic_miss_stub}
  0x0000021266dd6fd4: 0f85 a6a0 | a8ff 6690 | 0f1f 4000 
[Verified Entry Point]
  0x0000021266dd6fe0: 8984 2400 | 90ff ff55 | 4883 ec50 | 8974 2424 | 897c 2420 | 4c89 4c24 | 104c 8944 | 2408 4889 
  0x0000021266dd7000: 5424 1848 | 894c 2438 | 4885 c90f | 848f 0100 | 004d 8b87 | 0801 0000 | 4d8b d049 | 83c2 1090 
  0x0000021266dd7020: 4d3b 9718 | 0100 000f | 8311 0100 | 004d 8997 | 0801 0000 | 410f 0d8a | c000 0000 | 49c7 0001 
  0x0000021266dd7040: ;   {metadata('java/security/SecureClassLoader$CodeSourceKey')}
  0x0000021266dd7040: 0000 0041 | c740 0850 | 9114 004c | 8b54 2438 | 4d8b da45 | 8958 0c4d | 8b8f 0801 | 0000 4c8b 
  0x0000021266dd7060: 5424 1841 | 8b6a 504d | 8bd1 4983 | c218 4d3b | 9718 0100 | 000f 838c | 0000 004d | 8997 0801 
  0x0000021266dd7080: 0000 410f | 0d8a c000 | 0000 49c7 | 0101 0000 

  0x0000021266dd7090: ;   {metadata('java/security/SecureClassLoader$1')}
  0x0000021266dd7090: 0041 c741 | 0860 9314 | 0045 8961 | 1445 8959 | 0c4c 8b54 | 2418 4589 | 5110 448b 

  0x0000021266dd70ac: ;   {metadata('java/util/concurrent/ConcurrentHashMap')}
  0x0000021266dd70ac: 5508 4181 | fa48 e400 | 000f 85a1 | 0000 0048 

  0x0000021266dd70bc: ;   {optimized virtual_call}
  0x0000021266dd70bc: 8bd5 90e8 

  0x0000021266dd70c0: ; ImmutableOopMap {[8]=Oop [16]=Oop [24]=Oop }
                      ;*invokeinterface computeIfAbsent {reexecute=0 rethrow=0 return_oop=1}
                      ; - java.security.SecureClassLoader::getProtectionDomain@29 (line 222)
                      ; - java.security.SecureClassLoader::defineClass@9 (line 150)
  0x0000021266dd70c0: bc8e 3000 

  0x0000021266dd70c4: ; implicit exception: dispatches to 0x0000021266dd7204
  0x0000021266dd70c4: 448b 5808 

  0x0000021266dd70c8: ;   {metadata('java/security/ProtectionDomain')}
  0x0000021266dd70c8: 4181 fb90 | ec00 000f | 85f3 0000 | 0048 8bc8 | 488b 5424 | 184c 8b44 | 2408 4c8b | 4c24 108b 
  0x0000021266dd70e8: 7c24 208b 

  0x0000021266dd70ec: ;   {optimized virtual_call}
  0x0000021266dd70ec: 7424 24e8 

  0x0000021266dd70f0: ; ImmutableOopMap {}
                      ;*invokevirtual defineClass {reexecute=0 rethrow=0 return_oop=1}
                      ; - java.security.SecureClassLoader::defineClass@12 (line 150)
  0x0000021266dd70f0: 2c73 64f8 | 4883 c450 

  0x0000021266dd70f8: ;   {poll_return}
  0x0000021266dd70f8: 5d49 3ba7 | 4803 0000 | 0f87 3801 | 0000 c344 | 895c 2430 | 4c89 4424 

  0x0000021266dd7110: ;   {metadata('java/security/SecureClassLoader$1')}
  0x0000021266dd7110: 2848 ba60 | 9314 0012 | 0200 0048 | ff74 2438 | 488f 0424 

  0x0000021266dd7124: ;   {runtime_call _new_instance_Java}
  0x0000021266dd7124: 6666 90e8 

  0x0000021266dd7128: ; ImmutableOopMap {rbp=NarrowOop [0]=Oop [8]=Oop [16]=Oop [24]=Oop [40]=Oop [48]=NarrowOop }
                      ;*new {reexecute=0 rethrow=0 return_oop=1}
                      ; - java.security.SecureClassLoader::getProtectionDomain@20 (line 222)
                      ; - java.security.SecureClassLoader::defineClass@9 (line 150)
  0x0000021266dd7128: d48f b3ff | 4c8b 4424 | 2844 8b5c | 2430 4c8b | c8e9 5fff 

  0x0000021266dd713c: ;   {metadata('java/security/SecureClassLoader$CodeSourceKey')}
  0x0000021266dd713c: ffff 48ba | 5091 1400 | 1202 0000 | 488b 6c24 

  0x0000021266dd714c: ;   {runtime_call _new_instance_Java}
  0x0000021266dd714c: 1866 90e8 

  0x0000021266dd7150: ; ImmutableOopMap {rbp=Oop [8]=Oop [16]=Oop [24]=Oop [56]=Oop }
                      ;*new {reexecute=0 rethrow=0 return_oop=1}
                      ; - java.security.SecureClassLoader::getProtectionDomain@6 (line 221)
                      ; - java.security.SecureClassLoader::defineClass@9 (line 150)
  0x0000021266dd7150: ac8f b3ff | 4c8b c0e9 | effe ffff | bade ffff | ff48 ff74 | 2418 488f | 0424 4889 | 4424 f88b 
  0x0000021266dd7170: 4424 2089 | 4424 1848 | 8b44 24f8 | 4889 4424 | f88b 4424 | 2489 4424 | 1c48 8b44 | 24f8 4c89 
  0x0000021266dd7190: 4424 204c | 894c 2428 

  0x0000021266dd7198: ;   {runtime_call UncommonTrapBlob}
  0x0000021266dd7198: 6666 90e8 

  0x0000021266dd719c: ; ImmutableOopMap {rbp=NarrowOop [0]=Oop [8]=Oop [16]=Oop [32]=Oop [40]=Oop }
                      ;*invokeinterface computeIfAbsent {reexecute=0 rethrow=0 return_oop=0}
                      ; - java.security.SecureClassLoader::getProtectionDomain@29 (line 222)
                      ; - java.security.SecureClassLoader::defineClass@9 (line 150)
  0x0000021266dd719c: 60f7 a8ff | ba45 ffff | ff48 8b6c | 2418 4c89 | 0424 4c89 | 4c24 0889 | 7c24 1089 | 7424 1448 
  0x0000021266dd71bc: 894c 2428 

  0x0000021266dd71c0: ;   {runtime_call UncommonTrapBlob}
  0x0000021266dd71c0: 6666 90e8 

  0x0000021266dd71c4: ; ImmutableOopMap {rbp=Oop [0]=Oop [8]=Oop [40]=Oop [56]=Oop }
                      ;*ifnonnull {reexecute=1 rethrow=0 return_oop=0}
                      ; - (reexecute) java.security.SecureClassLoader::getProtectionDomain@1 (line 213)
                      ; - java.security.SecureClassLoader::defineClass@9 (line 150)
  0x0000021266dd71c4: 38f7 a8ff | bade ffff | ff48 8b6c | 2418 4c8b | 5424 084c | 8914 244c | 8b54 2410 | 4c89 5424 
  0x0000021266dd71e4: 0848 8944 

  0x0000021266dd71e8: ;   {runtime_call UncommonTrapBlob}
  0x0000021266dd71e8: 2418 90e8 

  0x0000021266dd71ec: ; ImmutableOopMap {rbp=Oop [0]=Oop [8]=Oop [24]=Oop }
                      ;*checkcast {reexecute=0 rethrow=0 return_oop=0}
                      ; - java.security.SecureClassLoader::getProtectionDomain@34 (line 222)
                      ; - java.security.SecureClassLoader::defineClass@9 (line 150)
  0x0000021266dd71ec: 10f7 a8ff | baf6 ffff | ff49 8be8 | 4c89 0c24 

  0x0000021266dd71fc: ;   {runtime_call UncommonTrapBlob}
  0x0000021266dd71fc: 6666 90e8 

  0x0000021266dd7200: ; ImmutableOopMap {rbp=Oop [0]=Oop }
                      ;*invokeinterface computeIfAbsent {reexecute=0 rethrow=0 return_oop=0}
                      ; - java.security.SecureClassLoader::getProtectionDomain@29 (line 222)
                      ; - java.security.SecureClassLoader::defineClass@9 (line 150)
  0x0000021266dd7200: fcf6 a8ff | baf4 ffff | ff48 8b6c | 2418 4c8b | 5424 084c | 8914 244c | 8b54 2410 | 4c89 5424 
  0x0000021266dd7220: ;   {runtime_call UncommonTrapBlob}
  0x0000021266dd7220: 0866 90e8 

  0x0000021266dd7224: ; ImmutableOopMap {rbp=Oop [0]=Oop [8]=Oop }
                      ;*checkcast {reexecute=0 rethrow=0 return_oop=0}
                      ; - java.security.SecureClassLoader::getProtectionDomain@34 (line 222)
                      ; - java.security.SecureClassLoader::defineClass@9 (line 150)
  0x0000021266dd7224: d8f6 a8ff | eb02 eb00 | 488b d0eb | 0348 8bd0 | 4883 c450 

  0x0000021266dd7238: ;   {runtime_call _rethrow_Java}
  0x0000021266dd7238: 5de9 42a0 

  0x0000021266dd723c: ;   {internal_word}
  0x0000021266dd723c: b3ff 49ba | f970 dd66 | 1202 0000 | 4d89 9760 

  0x0000021266dd724c: ;   {runtime_call SafepointBlob}
  0x0000021266dd724c: 0300 00e9 | ac07 a9ff | f4f4 f4f4 | f4f4 f4f4 | f4f4 f4f4 
[Stub Code]
  0x0000021266dd7260: ;   {no_reloc}
  0x0000021266dd7260: 48bb 78c9 | 4200 1202 

  0x0000021266dd7268: ;   {runtime_call I2C/C2I adapters}
  0x0000021266dd7268: 0000 e972 

  0x0000021266dd726c: ;   {static_stub}
  0x0000021266dd726c: 67a8 ff48 | bbb8 0c01 | 0012 0200 

  0x0000021266dd7278: ;   {runtime_call I2C/C2I adapters}
  0x0000021266dd7278: 00e9 6d04 

  0x0000021266dd727c: ;   {runtime_call ExceptionBlob}
  0x0000021266dd727c: a8ff e9fd | e2b2 ffe8 | 0000 0000 | 4883 2c24 

  0x0000021266dd728c: ;   {runtime_call DeoptimizationBlob}
  0x0000021266dd728c: 05e9 0efa | a8ff f4f4 | f4f4 f4f4 
[/MachCode]


---------------  P R O C E S S  ---------------

Threads class SMR info:
_java_thread_list=0x000002127d6c1640, length=236, elements={
0x000002125778c2b0, 0x0000021275fbe840, 0x0000021275fc5c30, 0x0000021275fddef0,
0x0000021275fde7c0, 0x0000021275fdf090, 0x0000021275fdf960, 0x0000021275fea580,
0x0000021275fee390, 0x0000021275feeca0, 0x0000021275fb3560, 0x00000212761bc2c0,
0x00000212763be8f0, 0x000002127c4bac90, 0x000002127c5e4180, 0x000002127c497310,
0x000002127c497820, 0x000002127c497d30, 0x000002127c095c00, 0x000002127c093da0,
0x000002127c097040, 0x000002127c096620, 0x000002121b0be560, 0x000002121b0bef80,
0x000002121b0bb7d0, 0x000002121b0c08d0, 0x000002121b0bf9a0, 0x000002121b0bc1f0,
0x000002121b0ba8a0, 0x000002121cf5b700, 0x000002121cf5d560, 0x000002121cf5d050,
0x000002121cf5da70, 0x000002121cf5df80, 0x000002127de7f880, 0x000002127de7fd90,
0x000002127de7d510, 0x000002127de7df30, 0x000002127de7e440, 0x000002127de7ee60,
0x000002127de82b20, 0x000002127de83030, 0x000002127de83540, 0x000002127c096b30,
0x000002127c093890, 0x000002127c096110, 0x000002127c0951e0, 0x0000021223405790,
0x000002127ea56f10, 0x000002121b798810, 0x000002121b798d20, 0x000002127e6a6f90,
0x000002127e6a6060, 0x0000021222bc5bf0, 0x000002127c098480, 0x000002127e6a6570,
0x000002127e6a79b0, 0x000002127d7c1a60, 0x000002127d7c0b30, 0x000002127d7c2480,
0x000002127d7c1f70, 0x000002127d7c1040, 0x000002127d7c1550, 0x000002127f051820,
0x000002127f04ea90, 0x000002127f050e00, 0x000002127f04efa0, 0x000002127f051d30,
0x000002127f04f4b0, 0x000002127f04fed0, 0x000002127f052240, 0x000002127f0503e0,
0x000002127f0508f0, 0x000002127f051310, 0x000002127e7d1d60, 0x000002127e6a74a0,
0x0000021276663300, 0x00000212766623d0, 0x0000021276662df0, 0x0000021276663810,
0x00000212766628e0, 0x0000021223630d30, 0x0000021223631240, 0x0000021223631750,
0x0000021223632170, 0x0000021223632680, 0x0000021223631c60, 0x0000021275eced50,
0x000002121c533830, 0x0000021222bc6610, 0x0000021222bc7030, 0x000002127e7d1340,
0x000002127e7d0410, 0x000002121c271880, 0x000002121c272cc0, 0x000002121c534250,
0x000002121c533d40, 0x000002127e7d0e30, 0x000002127e7d1850, 0x000002121b798300,
0x000002121b7973d0, 0x000002121b797df0, 0x000002121b7978e0, 0x000002127cc77610,
0x000002127f182620, 0x000002127f182b30, 0x000002127f1802b0, 0x000002127f17f890,
0x000002127f1811e0, 0x000002127f17fda0, 0x000002127f183040, 0x000002127f180cd0,
0x000002127f181c00, 0x000002127dd8cdd0, 0x0000021223404860, 0x000002121c534760,
0x0000021223404350, 0x0000021275ece330, 0x0000021275ece840, 0x000002127dd8dd00,
0x000002127f182110, 0x000002127f1807c0, 0x000002127f1816f0, 0x000002127cd1e780,
0x000002127cd1c920, 0x000002127cd1c410, 0x000002127cd1ec90, 0x000002127cd1d850,
0x000002127cd1ce30, 0x000002127cd1b9f0, 0x000002121c273bf0, 0x000002121c270950,
0x000002121c2722a0, 0x000002121c270e60, 0x000002121c270440, 0x000002121c271370,
0x000002121c271d90, 0x000002121c2727b0, 0x000002127cd1b4e0, 0x000002127cd1bf00,
0x000002127c0942b0, 0x000002127ea58860, 0x0000021223404d70, 0x0000021276831240,
0x0000021276831750, 0x0000021276830d30, 0x0000021276832170, 0x0000021276831c60,
0x000002127682e9c0, 0x000002127682eed0, 0x0000021276830820, 0x000002127682f3e0,
0x000002127682f8f0, 0x000002127cd1d340, 0x000002127cd1dd60, 0x000002121db73700,
0x000002127ea57420, 0x000002127ea57e40, 0x000002127c7b9050, 0x000002127cd1e270,
0x0000021276661ec0, 0x0000021275ecde20, 0x000002121b7885a0, 0x000002121b787160,
0x000002121b786740, 0x000002121b788090, 0x000002121b786c50, 0x000002121b787670,
0x000002121b786230, 0x000002121b785810, 0x000002121b788ab0, 0x000002121b785d20,
0x00000212235b24f0, 0x00000212235b0180, 0x00000212235b2a00, 0x00000212235b2f10,
0x00000212235af760, 0x00000212235afc70, 0x00000212235b0690, 0x00000212235b15c0,
0x00000212235b10b0, 0x00000212235b0ba0, 0x00000212235b1ad0, 0x000002127682fe00,
0x0000021276830310, 0x0000021223405280, 0x0000021226b3c1d0, 0x0000021226b3cbf0,
0x0000021226b3d100, 0x0000021226b3ad90, 0x0000021226b3d610, 0x0000021226b39e60,
0x0000021226b3c6e0, 0x0000021226b3a370, 0x000002127f04f9c0, 0x0000021223c11ce0,
0x0000021223c12c10, 0x0000021223c13120, 0x0000021223c14a70, 0x0000021223c121f0,
0x0000021223c14560, 0x0000021223c12700, 0x0000021223c13630, 0x0000021223c13b40,
0x0000021223c14050, 0x00000212235b1fe0, 0x0000021223c14f80, 0x0000021223c15490,
0x0000021222aad770, 0x0000021222aae190, 0x0000021222aafff0, 0x0000021222aacd50,
0x0000021222aaf0c0, 0x0000021222aaf5d0, 0x0000021222aad260, 0x0000021222aafae0,
0x0000021222aac840, 0x0000021222aadc80, 0x0000021222aae6a0, 0x0000021222aaebb0,
0x000002127d6d67a0, 0x000002127d6d5870, 0x000002127d6d5d80, 0x000002127d6d6290,
0x000002127d6d6cb0, 0x000002127d6d5360, 0x0000021224066a90, 0x0000021224064210,
0x000002121b787b80, 0x000002121b785300, 0x000002127c7ba9a0, 0x000002127e6a6a80,
0x000002121c534c70, 0x0000021224065650, 0x000002127d95dad0, 0x000002127d95e020
}

Java Threads: ( => current thread )
  0x000002125778c2b0 JavaThread "main" [_thread_blocked, id=2904, stack(0x0000005246400000,0x0000005246500000)]
  0x0000021275fbe840 JavaThread "Reference Handler" daemon [_thread_blocked, id=44536, stack(0x0000005246b00000,0x0000005246c00000)]
  0x0000021275fc5c30 JavaThread "Finalizer" daemon [_thread_blocked, id=43632, stack(0x0000005246c00000,0x0000005246d00000)]
  0x0000021275fddef0 JavaThread "Signal Dispatcher" daemon [_thread_blocked, id=34680, stack(0x0000005246d00000,0x0000005246e00000)]
  0x0000021275fde7c0 JavaThread "Attach Listener" daemon [_thread_blocked, id=1544, stack(0x0000005246e00000,0x0000005246f00000)]
  0x0000021275fdf090 JavaThread "Service Thread" daemon [_thread_blocked, id=10452, stack(0x0000005246f00000,0x0000005247000000)]
  0x0000021275fdf960 JavaThread "Monitor Deflation Thread" daemon [_thread_blocked, id=35788, stack(0x0000005247000000,0x0000005247100000)]
  0x0000021275fea580 JavaThread "C2 CompilerThread0" daemon [_thread_blocked, id=35496, stack(0x0000005247100000,0x0000005247200000)]
  0x0000021275fee390 JavaThread "C1 CompilerThread0" daemon [_thread_blocked, id=13196, stack(0x0000005247200000,0x0000005247300000)]
  0x0000021275feeca0 JavaThread "Sweeper thread" daemon [_thread_blocked, id=32888, stack(0x0000005247300000,0x0000005247400000)]
  0x0000021275fb3560 JavaThread "Common-Cleaner" daemon [_thread_blocked, id=38900, stack(0x0000005247400000,0x0000005247500000)]
  0x00000212761bc2c0 JavaThread "Notification Thread" daemon [_thread_blocked, id=11420, stack(0x0000005247600000,0x0000005247700000)]
  0x00000212763be8f0 JavaThread "Daemon health stats" [_thread_blocked, id=39660, stack(0x0000005247e00000,0x0000005247f00000)]
  0x000002127c4bac90 JavaThread "Incoming local TCP Connector on port 61122" [_thread_in_native, id=22532, stack(0x0000005247800000,0x0000005247900000)]
  0x000002127c5e4180 JavaThread "Daemon periodic checks" [_thread_blocked, id=24868, stack(0x0000005247f00000,0x0000005248000000)]
  0x000002127c497310 JavaThread "Cache worker for journal cache (C:\Users\luiss\.gradle\caches\journal-1)" [_thread_blocked, id=35668, stack(0x0000005248700000,0x0000005248800000)]
  0x000002127c497820 JavaThread "File lock request listener" [_thread_in_native, id=43844, stack(0x0000005248800000,0x0000005248900000)]
  0x000002127c497d30 JavaThread "Cache worker for file hash cache (C:\Users\luiss\.gradle\caches\8.13\fileHashes)" [_thread_blocked, id=20316, stack(0x0000005248900000,0x0000005248a00000)]
  0x000002127c095c00 JavaThread "Cache worker for file content cache (C:\Users\luiss\.gradle\caches\8.13\fileContent)" [_thread_blocked, id=40408, stack(0x0000005249400000,0x0000005249500000)]
  0x000002127c093da0 JavaThread "File watcher server" daemon [_thread_blocked, id=8352, stack(0x0000005249500000,0x0000005249600000)]
  0x000002127c097040 JavaThread "File watcher consumer" daemon [_thread_blocked, id=46988, stack(0x0000005249600000,0x0000005249700000)]
  0x000002127c096620 JavaThread "Memory manager" [_thread_blocked, id=30652, stack(0x0000005249700000,0x0000005249800000)]
  0x000002121b0be560 JavaThread "RMI Scheduler(0)" daemon [_thread_blocked, id=15080, stack(0x0000005246300000,0x0000005246400000)]
  0x000002121b0bef80 JavaThread "RMI GC Daemon" daemon [_thread_blocked, id=42952, stack(0x0000005255600000,0x0000005255700000)]
  0x000002121b0bb7d0 JavaThread "RMI TCP Accept-0" daemon [_thread_in_native, id=41336, stack(0x0000005255800000,0x0000005255900000)]
  0x000002121b0c08d0 JavaThread "RMI Reaper" [_thread_blocked, id=5880, stack(0x0000005255900000,0x0000005255a00000)]
  0x000002121b0bf9a0 JavaThread "Cache worker for Java compile cache (C:\Users\luiss\.gradle\caches\8.13\javaCompile)" [_thread_blocked, id=38312, stack(0x0000005255500000,0x0000005255600000)]
  0x000002121b0bc1f0 JavaThread "Daemon Thread 2" [_thread_blocked, id=41444, stack(0x0000005247500000,0x0000005247600000)]
  0x000002121b0ba8a0 JavaThread "Daemon worker Thread 2" [_thread_blocked, id=13232, stack(0x0000005248200000,0x0000005248300000)]
  0x000002121cf5b700 JavaThread "Exec process Thread 75" [_thread_blocked, id=5804, stack(0x000000524b700000,0x000000524b800000)]
  0x000002121cf5d560 JavaThread "Exec process Thread 76" [_thread_in_native, id=39288, stack(0x000000524b800000,0x000000524b900000)]
  0x000002121cf5d050 JavaThread "Exec process Thread 77" [_thread_in_native, id=17964, stack(0x000000524b900000,0x000000524ba00000)]
  0x000002121cf5da70 JavaThread "Exec process Thread 79" [_thread_blocked, id=24820, stack(0x0000005248600000,0x0000005248700000)]
  0x000002121cf5df80 JavaThread "Exec process Thread 81" [_thread_in_native, id=20588, stack(0x000000524bb00000,0x000000524bc00000)]
  0x000002127de7f880 JavaThread "Exec process Thread 85" [_thread_blocked, id=42276, stack(0x000000524d000000,0x000000524d100000)]
  0x000002127de7fd90 JavaThread "Exec process Thread 86" [_thread_blocked, id=14848, stack(0x000000524d100000,0x000000524d200000)]
  0x000002127de7d510 JavaThread "Exec process Thread 87" [_thread_in_native, id=32980, stack(0x000000524d200000,0x000000524d300000)]
  0x000002127de7df30 JavaThread "Exec process Thread 90" [_thread_in_native, id=46664, stack(0x000000524d500000,0x000000524d600000)]
  0x000002127de7e440 JavaThread "Exec process Thread 91" [_thread_in_native, id=42644, stack(0x000000524d600000,0x000000524d700000)]
  0x000002127de7ee60 JavaThread "Exec process Thread 92" [_thread_blocked, id=11792, stack(0x000000524d700000,0x000000524d800000)]
  0x000002127de82b20 JavaThread "Exec process Thread 93" [_thread_in_native, id=29892, stack(0x000000524d800000,0x000000524d900000)]
  0x000002127de83030 JavaThread "Exec process Thread 94" [_thread_in_native, id=39812, stack(0x000000524d900000,0x000000524da00000)]
  0x000002127de83540 JavaThread "Exec process Thread 95" [_thread_blocked, id=26784, stack(0x000000524da00000,0x000000524db00000)]
  0x000002127c096b30 JavaThread "Exec process Thread 96" [_thread_blocked, id=23692, stack(0x000000524db00000,0x000000524dc00000)]
  0x000002127c093890 JavaThread "Exec process Thread 97" [_thread_in_native, id=46092, stack(0x000000524dc00000,0x000000524dd00000)]
  0x000002127c096110 JavaThread "Exec process Thread 98" [_thread_blocked, id=264, stack(0x000000524dd00000,0x000000524de00000)]
  0x000002127c0951e0 JavaThread "Exec process Thread 99" [_thread_blocked, id=31908, stack(0x000000524de00000,0x000000524df00000)]
  0x0000021223405790 JavaThread "Exec process Thread 100" [_thread_blocked, id=16828, stack(0x000000524e000000,0x000000524e100000)]
  0x000002127ea56f10 JavaThread "Exec process Thread 101" [_thread_in_native, id=32040, stack(0x000000524e100000,0x000000524e200000)]
  0x000002121b798810 JavaThread "Exec process Thread 102" [_thread_in_native, id=21868, stack(0x000000524e200000,0x000000524e300000)]
  0x000002121b798d20 JavaThread "Exec process Thread 103" [_thread_blocked, id=47056, stack(0x000000524e300000,0x000000524e400000)]
  0x000002127e6a6f90 JavaThread "Exec process Thread 104" [_thread_in_native, id=31876, stack(0x0000005249a00000,0x0000005249b00000)]
  0x000002127e6a6060 JavaThread "Exec process Thread 105" [_thread_in_native, id=20708, stack(0x000000524cb00000,0x000000524cc00000)]
  0x0000021222bc5bf0 JavaThread "RMI TCP Connection(idle)" daemon [_thread_blocked, id=18056, stack(0x000000524e400000,0x000000524e500000)]
  0x000002127c098480 JavaThread "RMI TCP Connection(idle)" daemon [_thread_blocked, id=44900, stack(0x000000524c300000,0x000000524c400000)]
  0x000002127e6a6570 JavaThread "Handler for socket connection from /127.0.0.1:61122 to /127.0.0.1:59705" [_thread_in_native, id=42592, stack(0x0000005248100000,0x0000005248200000)]
  0x000002127e6a79b0 JavaThread "Cancel handler" [_thread_blocked, id=42956, stack(0x0000005248300000,0x0000005248400000)]
  0x000002127d7c1a60 JavaThread "Asynchronous log dispatcher for DefaultDaemonConnection: socket connection from /127.0.0.1:61122 to /127.0.0.1:59705" [_thread_blocked, id=18440, stack(0x0000005248400000,0x0000005248500000)]
  0x000002127d7c0b30 JavaThread "Stdin handler" [_thread_blocked, id=32992, stack(0x0000005248500000,0x0000005248600000)]
  0x000002127d7c2480 JavaThread "Daemon client event forwarder" [_thread_blocked, id=29268, stack(0x0000005248a00000,0x0000005248b00000)]
  0x000002127d7c1f70 JavaThread "Cache worker for file hash cache (W:\cb\api_fresky_web_hooks\AwesomeProject\android\.gradle\8.13\fileHashes)" [_thread_blocked, id=37408, stack(0x0000005248b00000,0x0000005248c00000)]
  0x000002127d7c1040 JavaThread "Cache worker for checksums cache (W:\cb\api_fresky_web_hooks\AwesomeProject\android\.gradle\8.13\checksums)" [_thread_blocked, id=32748, stack(0x0000005248c00000,0x0000005248d00000)]
  0x000002127d7c1550 JavaThread "Cache worker for Build Output Cleanup Cache (W:\cb\api_fresky_web_hooks\AwesomeProject\android\.gradle\buildOutputCleanup)" [_thread_blocked, id=41032, stack(0x0000005249300000,0x0000005249400000)]
  0x000002127f051820 JavaThread "build event listener" [_thread_blocked, id=35412, stack(0x0000005249d00000,0x0000005249e00000)]
  0x000002127f04ea90 JavaThread "Build operations" [_thread_blocked, id=40080, stack(0x0000005249e00000,0x0000005249f00000)]
  0x000002127f050e00 JavaThread "Build operations Thread 2" [_thread_blocked, id=21612, stack(0x0000005249f00000,0x000000524a000000)]
  0x000002127f04efa0 JavaThread "Build operations Thread 3" [_thread_blocked, id=34132, stack(0x000000524a000000,0x000000524a100000)]
  0x000002127f051d30 JavaThread "Build operations Thread 4" [_thread_blocked, id=46112, stack(0x000000524a100000,0x000000524a200000)]
  0x000002127f04f4b0 JavaThread "Build operations Thread 5" [_thread_blocked, id=17416, stack(0x000000524a200000,0x000000524a300000)]
  0x000002127f04fed0 JavaThread "Build operations Thread 6" [_thread_blocked, id=31092, stack(0x000000524a300000,0x000000524a400000)]
  0x000002127f052240 JavaThread "Build operations Thread 7" [_thread_blocked, id=41828, stack(0x000000524a500000,0x000000524a600000)]
  0x000002127f0503e0 JavaThread "Build operations Thread 8" [_thread_blocked, id=23764, stack(0x000000524a600000,0x000000524a700000)]
  0x000002127f0508f0 JavaThread "Build operations Thread 9" [_thread_blocked, id=22544, stack(0x000000524a700000,0x000000524a800000)]
  0x000002127f051310 JavaThread "Build operations Thread 10" [_thread_blocked, id=38836, stack(0x000000524a800000,0x000000524a900000)]
  0x000002127e7d1d60 JavaThread "Build operations Thread 11" [_thread_blocked, id=39748, stack(0x000000524a900000,0x000000524aa00000)]
  0x000002127e6a74a0 JavaThread "included builds" [_thread_blocked, id=14668, stack(0x0000005249c00000,0x0000005249d00000)]
  0x0000021276663300 JavaThread "Execution worker" [_thread_blocked, id=14796, stack(0x000000524aa00000,0x000000524ab00000)]
  0x00000212766623d0 JavaThread "Execution worker Thread 2" [_thread_blocked, id=23156, stack(0x000000524ab00000,0x000000524ac00000)]
  0x0000021276662df0 JavaThread "Execution worker Thread 3" [_thread_blocked, id=45140, stack(0x000000524ac00000,0x000000524ad00000)]
  0x0000021276663810 JavaThread "Execution worker Thread 4" [_thread_blocked, id=32680, stack(0x000000524ad00000,0x000000524ae00000)]
  0x00000212766628e0 JavaThread "Execution worker Thread 5" [_thread_blocked, id=44796, stack(0x000000524ae00000,0x000000524af00000)]
  0x0000021223630d30 JavaThread "Execution worker Thread 6" [_thread_blocked, id=44888, stack(0x000000524af00000,0x000000524b000000)]
  0x0000021223631240 JavaThread "Execution worker Thread 7" [_thread_blocked, id=46140, stack(0x000000524b000000,0x000000524b100000)]
  0x0000021223631750 JavaThread "Execution worker Thread 8" [_thread_blocked, id=35080, stack(0x000000524b200000,0x000000524b300000)]
  0x0000021223632170 JavaThread "Execution worker Thread 9" [_thread_blocked, id=8452, stack(0x000000524b300000,0x000000524b400000)]
  0x0000021223632680 JavaThread "Execution worker Thread 10" [_thread_blocked, id=20376, stack(0x000000524b400000,0x000000524b500000)]
  0x0000021223631c60 JavaThread "Execution worker Thread 11" [_thread_blocked, id=22160, stack(0x000000524b500000,0x000000524b600000)]
  0x0000021275eced50 JavaThread "Cache worker for execution history cache (W:\cb\api_fresky_web_hooks\AwesomeProject\android\.gradle\8.13\executionHistory)" [_thread_blocked, id=37852, stack(0x000000524b600000,0x000000524b700000)]
  0x000002121c533830 JavaThread "Exec process Thread 106" [_thread_blocked, id=2796, stack(0x000000524ba00000,0x000000524bb00000)]
  0x0000021222bc6610 JavaThread "Exec process Thread 107" [_thread_in_native, id=11288, stack(0x000000524bc00000,0x000000524bd00000)]
  0x0000021222bc7030 JavaThread "Exec process Thread 108" [_thread_blocked, id=45072, stack(0x000000524bd00000,0x000000524be00000)]
  0x000002127e7d1340 JavaThread "Exec process Thread 109" [_thread_in_native, id=44916, stack(0x000000524be00000,0x000000524bf00000)]
  0x000002127e7d0410 JavaThread "Exec process Thread 110" [_thread_in_native, id=35916, stack(0x000000524bf00000,0x000000524c000000)]
  0x000002121c271880 JavaThread "Exec process Thread 111" [_thread_blocked, id=15472, stack(0x000000524c000000,0x000000524c100000)]
  0x000002121c272cc0 JavaThread "Exec process Thread 112" [_thread_blocked, id=45168, stack(0x000000524c100000,0x000000524c200000)]
  0x000002121c534250 JavaThread "Exec process Thread 113" [_thread_blocked, id=29916, stack(0x000000524c200000,0x000000524c300000)]
  0x000002121c533d40 JavaThread "Exec process Thread 114" [_thread_blocked, id=44728, stack(0x000000524c400000,0x000000524c500000)]
  0x000002127e7d0e30 JavaThread "WorkerExecutor Queue Thread 2" [_thread_blocked, id=6788, stack(0x000000524c600000,0x000000524c700000)]
  0x000002127e7d1850 JavaThread "WorkerExecutor Queue Thread 3" [_thread_blocked, id=24268, stack(0x0000005249900000,0x0000005249a00000)]
  0x000002121b798300 JavaThread "Unconstrained build operations" [_thread_blocked, id=25332, stack(0x0000005249800000,0x0000005249900000)]
  0x000002121b7973d0 JavaThread "Unconstrained build operations Thread 2" [_thread_blocked, id=38092, stack(0x000000524c700000,0x000000524c800000)]
  0x000002121b797df0 JavaThread "Unconstrained build operations Thread 3" [_thread_blocked, id=10512, stack(0x000000524c800000,0x000000524c900000)]
  0x000002121b7978e0 JavaThread "Unconstrained build operations Thread 4" [_thread_blocked, id=21716, stack(0x000000524c900000,0x000000524ca00000)]
  0x000002127cc77610 JavaThread "Unconstrained build operations Thread 5" [_thread_blocked, id=38416, stack(0x000000524ca00000,0x000000524cb00000)]
  0x000002127f182620 JavaThread "Unconstrained build operations Thread 6" [_thread_blocked, id=46912, stack(0x000000524cc00000,0x000000524cd00000)]
  0x000002127f182b30 JavaThread "Unconstrained build operations Thread 7" [_thread_blocked, id=20108, stack(0x000000524cd00000,0x000000524ce00000)]
  0x000002127f1802b0 JavaThread "Unconstrained build operations Thread 8" [_thread_blocked, id=22044, stack(0x000000524ce00000,0x000000524cf00000)]
  0x000002127f17f890 JavaThread "Unconstrained build operations Thread 9" [_thread_blocked, id=27568, stack(0x000000524cf00000,0x000000524d000000)]
  0x000002127f1811e0 JavaThread "Unconstrained build operations Thread 10" [_thread_blocked, id=37896, stack(0x000000524d300000,0x000000524d400000)]
  0x000002127f17fda0 JavaThread "Unconstrained build operations Thread 11" [_thread_blocked, id=45156, stack(0x000000524d400000,0x000000524d500000)]
  0x000002127f183040 JavaThread "Unconstrained build operations Thread 12" [_thread_blocked, id=37160, stack(0x000000524df00000,0x000000524e000000)]
  0x000002127f180cd0 JavaThread "Unconstrained build operations Thread 13" [_thread_blocked, id=44836, stack(0x000000524e500000,0x000000524e600000)]
  0x000002127f181c00 JavaThread "Unconstrained build operations Thread 14" [_thread_blocked, id=46224, stack(0x000000524e600000,0x000000524e700000)]
  0x000002127dd8cdd0 JavaThread "WorkerExecutor Queue Thread 6" [_thread_blocked, id=33048, stack(0x000000524eb00000,0x000000524ec00000)]
  0x0000021223404860 JavaThread "WorkerExecutor Queue Thread 7" [_thread_blocked, id=44912, stack(0x000000524ed00000,0x000000524ee00000)]
  0x000002121c534760 JavaThread "Unconstrained build operations Thread 15" [_thread_blocked, id=32036, stack(0x000000524ee00000,0x000000524ef00000)]
  0x0000021223404350 JavaThread "WorkerExecutor Queue Thread 8" [_thread_blocked, id=31400, stack(0x000000524ef00000,0x000000524f000000)]
  0x0000021275ece330 JavaThread "WorkerExecutor Queue Thread 9" [_thread_blocked, id=17276, stack(0x000000524f000000,0x000000524f100000)]
  0x0000021275ece840 JavaThread "WorkerExecutor Queue Thread 10" [_thread_blocked, id=21824, stack(0x000000524f100000,0x000000524f200000)]
  0x000002127dd8dd00 JavaThread "WorkerExecutor Queue Thread 11" [_thread_blocked, id=33004, stack(0x000000524f200000,0x000000524f300000)]
  0x000002127f182110 JavaThread "Unconstrained build operations Thread 16" [_thread_blocked, id=33404, stack(0x000000524f500000,0x000000524f600000)]
  0x000002127f1807c0 JavaThread "Unconstrained build operations Thread 17" [_thread_blocked, id=42156, stack(0x000000524f600000,0x000000524f700000)]
  0x000002127f1816f0 JavaThread "Unconstrained build operations Thread 18" [_thread_blocked, id=29608, stack(0x000000524f700000,0x000000524f800000)]
  0x000002127cd1e780 JavaThread "Unconstrained build operations Thread 19" [_thread_blocked, id=20744, stack(0x000000524f800000,0x000000524f900000)]
  0x000002127cd1c920 JavaThread "Unconstrained build operations Thread 20" [_thread_blocked, id=32696, stack(0x000000524f900000,0x000000524fa00000)]
  0x000002127cd1c410 JavaThread "Unconstrained build operations Thread 21" [_thread_blocked, id=8228, stack(0x000000524fa00000,0x000000524fb00000)]
  0x000002127cd1ec90 JavaThread "Unconstrained build operations Thread 22" [_thread_blocked, id=19696, stack(0x000000524fb00000,0x000000524fc00000)]
  0x000002127cd1d850 JavaThread "Unconstrained build operations Thread 23" [_thread_blocked, id=8436, stack(0x000000524fc00000,0x000000524fd00000)]
  0x000002127cd1ce30 JavaThread "Unconstrained build operations Thread 24" [_thread_blocked, id=44204, stack(0x000000524fd00000,0x000000524fe00000)]
  0x000002127cd1b9f0 JavaThread "Unconstrained build operations Thread 25" [_thread_blocked, id=18116, stack(0x000000524fe00000,0x000000524ff00000)]
  0x000002121c273bf0 JavaThread "Unconstrained build operations Thread 26" [_thread_blocked, id=26524, stack(0x000000524ff00000,0x0000005250000000)]
  0x000002121c270950 JavaThread "Unconstrained build operations Thread 27" [_thread_blocked, id=20984, stack(0x0000005250000000,0x0000005250100000)]
  0x000002121c2722a0 JavaThread "Unconstrained build operations Thread 28" [_thread_blocked, id=40772, stack(0x0000005250100000,0x0000005250200000)]
  0x000002121c270e60 JavaThread "Unconstrained build operations Thread 29" [_thread_blocked, id=2692, stack(0x0000005250200000,0x0000005250300000)]
  0x000002121c270440 JavaThread "Unconstrained build operations Thread 30" [_thread_blocked, id=44168, stack(0x0000005250300000,0x0000005250400000)]
  0x000002121c271370 JavaThread "Unconstrained build operations Thread 31" [_thread_blocked, id=34340, stack(0x0000005250400000,0x0000005250500000)]
  0x000002121c271d90 JavaThread "Unconstrained build operations Thread 32" [_thread_blocked, id=36952, stack(0x0000005250500000,0x0000005250600000)]
  0x000002121c2727b0 JavaThread "Unconstrained build operations Thread 33" [_thread_blocked, id=35948, stack(0x0000005250600000,0x0000005250700000)]
  0x000002127cd1b4e0 JavaThread "Unconstrained build operations Thread 34" [_thread_blocked, id=28272, stack(0x0000005250700000,0x0000005250800000)]
  0x000002127cd1bf00 JavaThread "Unconstrained build operations Thread 35" [_thread_blocked, id=4488, stack(0x0000005250800000,0x0000005250900000)]
  0x000002127c0942b0 JavaThread "RMI RenewClean-[127.0.0.1:17849,org.jetbrains.kotlin.daemon.common.LoopbackNetworkInterface$ClientLoopbackSocketFactory@209ff36c]" daemon [_thread_blocked, id=29160, stack(0x000000524ea00000,0x000000524eb00000)]
  0x000002127ea58860 JavaThread "RMI TCP Connection(9)-127.0.0.1" daemon [_thread_blocked, id=20500, stack(0x0000005250900000,0x0000005250a00000)]
  0x0000021223404d70 JavaThread "Unconstrained build operations Thread 36" [_thread_blocked, id=6424, stack(0x0000005250a00000,0x0000005250b00000)]
  0x0000021276831240 JavaThread "Unconstrained build operations Thread 37" [_thread_blocked, id=29732, stack(0x0000005250b00000,0x0000005250c00000)]
  0x0000021276831750 JavaThread "Unconstrained build operations Thread 38" [_thread_blocked, id=17828, stack(0x0000005250c00000,0x0000005250d00000)]
  0x0000021276830d30 JavaThread "Unconstrained build operations Thread 39" [_thread_blocked, id=39240, stack(0x0000005250d00000,0x0000005250e00000)]
  0x0000021276832170 JavaThread "Unconstrained build operations Thread 40" [_thread_blocked, id=6904, stack(0x0000005250e00000,0x0000005250f00000)]
  0x0000021276831c60 JavaThread "Unconstrained build operations Thread 41" [_thread_blocked, id=46116, stack(0x0000005250f00000,0x0000005251000000)]
  0x000002127682e9c0 JavaThread "Unconstrained build operations Thread 42" [_thread_blocked, id=11356, stack(0x0000005251000000,0x0000005251100000)]
  0x000002127682eed0 JavaThread "Unconstrained build operations Thread 43" [_thread_blocked, id=22072, stack(0x0000005251100000,0x0000005251200000)]
  0x0000021276830820 JavaThread "Unconstrained build operations Thread 44" [_thread_blocked, id=46540, stack(0x0000005251200000,0x0000005251300000)]
  0x000002127682f3e0 JavaThread "Unconstrained build operations Thread 45" [_thread_blocked, id=25312, stack(0x0000005251300000,0x0000005251400000)]
  0x000002127682f8f0 JavaThread "Unconstrained build operations Thread 46" [_thread_blocked, id=44396, stack(0x0000005251400000,0x0000005251500000)]
  0x000002127cd1d340 JavaThread "Problems report writer" [_thread_blocked, id=5260, stack(0x0000005251500000,0x0000005251600000)]
  0x000002127cd1dd60 JavaThread "Build operations Thread 12" [_thread_blocked, id=41308, stack(0x0000005251600000,0x0000005251700000)]
  0x000002121db73700 JavaThread "RMI TCP Connection(idle)" daemon [_thread_blocked, id=43848, stack(0x0000005251700000,0x0000005251800000)]
  0x000002127ea57420 JavaThread "Unconstrained build operations Thread 47" [_thread_blocked, id=38512, stack(0x000000524a400000,0x000000524a500000)]
  0x000002127ea57e40 JavaThread "Unconstrained build operations Thread 48" [_thread_blocked, id=17728, stack(0x000000524e800000,0x000000524e900000)]
  0x000002127c7b9050 JavaThread "Unconstrained build operations Thread 49" [_thread_blocked, id=39348, stack(0x0000005251800000,0x0000005251900000)]
  0x000002127cd1e270 JavaThread "Unconstrained build operations Thread 50" [_thread_blocked, id=29544, stack(0x0000005251b00000,0x0000005251c00000)]
  0x0000021276661ec0 JavaThread "Unconstrained build operations Thread 51" [_thread_blocked, id=46476, stack(0x0000005251c00000,0x0000005251d00000)]
  0x0000021275ecde20 JavaThread "Unconstrained build operations Thread 52" [_thread_blocked, id=17544, stack(0x0000005246100000,0x0000005246200000)]
  0x000002121b7885a0 JavaThread "Unconstrained build operations Thread 53" [_thread_blocked, id=37156, stack(0x000000524f400000,0x000000524f500000)]
  0x000002121b787160 JavaThread "Unconstrained build operations Thread 54" [_thread_blocked, id=45988, stack(0x0000005251900000,0x0000005251a00000)]
  0x000002121b786740 JavaThread "Unconstrained build operations Thread 55" [_thread_blocked, id=29584, stack(0x0000005251a00000,0x0000005251b00000)]
  0x000002121b788090 JavaThread "Unconstrained build operations Thread 56" [_thread_blocked, id=14944, stack(0x0000005251d00000,0x0000005251e00000)]
  0x000002121b786c50 JavaThread "Unconstrained build operations Thread 57" [_thread_blocked, id=20068, stack(0x0000005251e00000,0x0000005251f00000)]
  0x000002121b787670 JavaThread "Unconstrained build operations Thread 58" [_thread_blocked, id=43756, stack(0x0000005251f00000,0x0000005252000000)]
  0x000002121b786230 JavaThread "Unconstrained build operations Thread 59" [_thread_blocked, id=3784, stack(0x0000005252000000,0x0000005252100000)]
  0x000002121b785810 JavaThread "Unconstrained build operations Thread 60" [_thread_blocked, id=28288, stack(0x0000005252100000,0x0000005252200000)]
  0x000002121b788ab0 JavaThread "Unconstrained build operations Thread 61" [_thread_blocked, id=24988, stack(0x0000005252200000,0x0000005252300000)]
  0x000002121b785d20 JavaThread "Unconstrained build operations Thread 62" [_thread_blocked, id=26912, stack(0x0000005252300000,0x0000005252400000)]
  0x00000212235b24f0 JavaThread "Unconstrained build operations Thread 63" [_thread_blocked, id=17920, stack(0x0000005252400000,0x0000005252500000)]
  0x00000212235b0180 JavaThread "Unconstrained build operations Thread 64" [_thread_blocked, id=44772, stack(0x0000005252500000,0x0000005252600000)]
  0x00000212235b2a00 JavaThread "Unconstrained build operations Thread 65" [_thread_blocked, id=43860, stack(0x0000005252600000,0x0000005252700000)]
  0x00000212235b2f10 JavaThread "Unconstrained build operations Thread 66" [_thread_blocked, id=16920, stack(0x0000005252700000,0x0000005252800000)]
  0x00000212235af760 JavaThread "Unconstrained build operations Thread 67" [_thread_blocked, id=44920, stack(0x0000005252800000,0x0000005252900000)]
  0x00000212235afc70 JavaThread "Unconstrained build operations Thread 68" [_thread_blocked, id=24280, stack(0x0000005252900000,0x0000005252a00000)]
  0x00000212235b0690 JavaThread "Unconstrained build operations Thread 69" [_thread_blocked, id=46228, stack(0x0000005252a00000,0x0000005252b00000)]
  0x00000212235b15c0 JavaThread "Unconstrained build operations Thread 70" [_thread_blocked, id=25656, stack(0x0000005252b00000,0x0000005252c00000)]
  0x00000212235b10b0 JavaThread "Unconstrained build operations Thread 71" [_thread_blocked, id=44604, stack(0x0000005252c00000,0x0000005252d00000)]
  0x00000212235b0ba0 JavaThread "Unconstrained build operations Thread 72" [_thread_blocked, id=36068, stack(0x0000005252d00000,0x0000005252e00000)]
  0x00000212235b1ad0 JavaThread "Unconstrained build operations Thread 73" [_thread_blocked, id=44868, stack(0x0000005252e00000,0x0000005252f00000)]
  0x000002127682fe00 JavaThread "Unconstrained build operations Thread 74" [_thread_blocked, id=27328, stack(0x0000005252f00000,0x0000005253000000)]
  0x0000021276830310 JavaThread "Unconstrained build operations Thread 75" [_thread_blocked, id=30748, stack(0x0000005253000000,0x0000005253100000)]
  0x0000021223405280 JavaThread "Unconstrained build operations Thread 76" [_thread_blocked, id=28588, stack(0x0000005253100000,0x0000005253200000)]
  0x0000021226b3c1d0 JavaThread "Unconstrained build operations Thread 77" [_thread_blocked, id=24088, stack(0x0000005253200000,0x0000005253300000)]
  0x0000021226b3cbf0 JavaThread "Unconstrained build operations Thread 78" [_thread_blocked, id=4552, stack(0x0000005253300000,0x0000005253400000)]
  0x0000021226b3d100 JavaThread "Unconstrained build operations Thread 79" [_thread_blocked, id=42852, stack(0x0000005253400000,0x0000005253500000)]
  0x0000021226b3ad90 JavaThread "Unconstrained build operations Thread 80" [_thread_blocked, id=34560, stack(0x0000005253500000,0x0000005253600000)]
  0x0000021226b3d610 JavaThread "Unconstrained build operations Thread 81" [_thread_blocked, id=23184, stack(0x0000005253600000,0x0000005253700000)]
  0x0000021226b39e60 JavaThread "Unconstrained build operations Thread 82" [_thread_blocked, id=10620, stack(0x0000005253700000,0x0000005253800000)]
  0x0000021226b3c6e0 JavaThread "Unconstrained build operations Thread 83" [_thread_blocked, id=44416, stack(0x0000005253800000,0x0000005253900000)]
  0x0000021226b3a370 JavaThread "Unconstrained build operations Thread 84" [_thread_blocked, id=22960, stack(0x0000005253900000,0x0000005253a00000)]
  0x000002127f04f9c0 JavaThread "Unconstrained build operations Thread 85" [_thread_blocked, id=10556, stack(0x0000005253a00000,0x0000005253b00000)]
  0x0000021223c11ce0 JavaThread "Unconstrained build operations Thread 86" [_thread_blocked, id=24728, stack(0x0000005253b00000,0x0000005253c00000)]
  0x0000021223c12c10 JavaThread "Unconstrained build operations Thread 87" [_thread_blocked, id=19092, stack(0x0000005253c00000,0x0000005253d00000)]
  0x0000021223c13120 JavaThread "Unconstrained build operations Thread 88" [_thread_blocked, id=27940, stack(0x0000005253d00000,0x0000005253e00000)]
  0x0000021223c14a70 JavaThread "Unconstrained build operations Thread 89" [_thread_blocked, id=35340, stack(0x0000005253e00000,0x0000005253f00000)]
  0x0000021223c121f0 JavaThread "Unconstrained build operations Thread 90" [_thread_blocked, id=31412, stack(0x0000005253f00000,0x0000005254000000)]
  0x0000021223c14560 JavaThread "Unconstrained build operations Thread 91" [_thread_blocked, id=42428, stack(0x0000005254000000,0x0000005254100000)]
  0x0000021223c12700 JavaThread "Unconstrained build operations Thread 92" [_thread_blocked, id=1272, stack(0x0000005254100000,0x0000005254200000)]
  0x0000021223c13630 JavaThread "Unconstrained build operations Thread 93" [_thread_blocked, id=19036, stack(0x0000005254200000,0x0000005254300000)]
  0x0000021223c13b40 JavaThread "Unconstrained build operations Thread 94" [_thread_blocked, id=36340, stack(0x0000005254300000,0x0000005254400000)]
  0x0000021223c14050 JavaThread "Unconstrained build operations Thread 95" [_thread_blocked, id=7176, stack(0x0000005254400000,0x0000005254500000)]
  0x00000212235b1fe0 JavaThread "Unconstrained build operations Thread 96" [_thread_blocked, id=13472, stack(0x0000005254500000,0x0000005254600000)]
  0x0000021223c14f80 JavaThread "Unconstrained build operations Thread 97" [_thread_blocked, id=13704, stack(0x0000005254600000,0x0000005254700000)]
  0x0000021223c15490 JavaThread "Unconstrained build operations Thread 98" [_thread_blocked, id=21588, stack(0x0000005254700000,0x0000005254800000)]
  0x0000021222aad770 JavaThread "Unconstrained build operations Thread 99" [_thread_blocked, id=27988, stack(0x0000005254800000,0x0000005254900000)]
  0x0000021222aae190 JavaThread "Unconstrained build operations Thread 100" [_thread_blocked, id=27804, stack(0x0000005254900000,0x0000005254a00000)]
  0x0000021222aafff0 JavaThread "Unconstrained build operations Thread 101" [_thread_blocked, id=26972, stack(0x0000005254a00000,0x0000005254b00000)]
  0x0000021222aacd50 JavaThread "Unconstrained build operations Thread 102" [_thread_blocked, id=32616, stack(0x0000005254b00000,0x0000005254c00000)]
  0x0000021222aaf0c0 JavaThread "Unconstrained build operations Thread 103" [_thread_blocked, id=25056, stack(0x0000005254c00000,0x0000005254d00000)]
  0x0000021222aaf5d0 JavaThread "Unconstrained build operations Thread 104" [_thread_blocked, id=27416, stack(0x0000005254d00000,0x0000005254e00000)]
  0x0000021222aad260 JavaThread "Unconstrained build operations Thread 105" [_thread_blocked, id=38880, stack(0x0000005255000000,0x0000005255100000)]
  0x0000021222aafae0 JavaThread "Unconstrained build operations Thread 106" [_thread_blocked, id=37028, stack(0x0000005255100000,0x0000005255200000)]
  0x0000021222aac840 JavaThread "Unconstrained build operations Thread 107" [_thread_blocked, id=33724, stack(0x0000005255200000,0x0000005255300000)]
  0x0000021222aadc80 JavaThread "Unconstrained build operations Thread 108" [_thread_blocked, id=2132, stack(0x0000005255300000,0x0000005255400000)]
  0x0000021222aae6a0 JavaThread "Unconstrained build operations Thread 109" [_thread_blocked, id=6000, stack(0x0000005255400000,0x0000005255500000)]
  0x0000021222aaebb0 JavaThread "Unconstrained build operations Thread 110" [_thread_blocked, id=25404, stack(0x0000005255700000,0x0000005255800000)]
  0x000002127d6d67a0 JavaThread "Unconstrained build operations Thread 111" [_thread_blocked, id=13700, stack(0x0000005255a00000,0x0000005255b00000)]
  0x000002127d6d5870 JavaThread "Unconstrained build operations Thread 112" [_thread_blocked, id=16612, stack(0x0000005255b00000,0x0000005255c00000)]
  0x000002127d6d5d80 JavaThread "Unconstrained build operations Thread 113" [_thread_blocked, id=21016, stack(0x0000005255c00000,0x0000005255d00000)]
  0x000002127d6d6290 JavaThread "Unconstrained build operations Thread 114" [_thread_blocked, id=19564, stack(0x0000005255d00000,0x0000005255e00000)]
  0x000002127d6d6cb0 JavaThread "Unconstrained build operations Thread 115" [_thread_blocked, id=18460, stack(0x0000005255e00000,0x0000005255f00000)]
  0x000002127d6d5360 JavaThread "Unconstrained build operations Thread 116" [_thread_blocked, id=38584, stack(0x0000005255f00000,0x0000005256000000)]
  0x0000021224066a90 JavaThread "Unconstrained build operations Thread 117" [_thread_blocked, id=22648, stack(0x0000005256200000,0x0000005256300000)]
  0x0000021224064210 JavaThread "Unconstrained build operations Thread 118" [_thread_blocked, id=44672, stack(0x0000005256300000,0x0000005256400000)]
  0x000002121b787b80 JavaThread "Unconstrained build operations Thread 119" [_thread_blocked, id=43520, stack(0x0000005256400000,0x0000005256500000)]
  0x000002121b785300 JavaThread "Unconstrained build operations Thread 120" [_thread_blocked, id=30896, stack(0x0000005256500000,0x0000005256600000)]
=>0x000002127c7ba9a0 JavaThread "WorkerExecutor Queue Thread 13" [_thread_in_vm, id=40624, stack(0x0000005256600000,0x0000005256700000)]
  0x000002127e6a6a80 JavaThread "WorkerExecutor Queue Thread 14" [_thread_blocked, id=32132, stack(0x000000524f300000,0x000000524f400000)]
  0x000002121c534c70 JavaThread "WorkerExecutor Queue Thread 15" [_thread_blocked, id=8904, stack(0x0000005256700000,0x0000005256800000)]
  0x0000021224065650 JavaThread "WorkerExecutor Queue Thread 16" [_thread_blocked, id=18632, stack(0x000000524c500000,0x000000524c600000)]
  0x000002127d95dad0 JavaThread "C2 CompilerThread1" daemon [_thread_blocked, id=29196, stack(0x0000005249b00000,0x0000005249c00000)]
  0x000002127d95e020 JavaThread "C2 CompilerThread2" daemon [_thread_blocked, id=36932, stack(0x000000524e900000,0x000000524ea00000)]

Other Threads:
  0x0000021275fbb860 VMThread "VM Thread" [stack: 0x0000005246a00000,0x0000005246b00000] [id=22064] _threads_hazard_ptr=0x000002127d6c1640
  0x000002125778e050 WatcherThread [stack: 0x0000005247700000,0x0000005247800000] [id=11036]
  0x00000212577ed770 GCTaskThread "GC Thread#0" [stack: 0x0000005246500000,0x0000005246600000] [id=20408]
  0x00000212761e65c0 GCTaskThread "GC Thread#1" [stack: 0x0000005247900000,0x0000005247a00000] [id=43316]
  0x00000212767f5360 GCTaskThread "GC Thread#2" [stack: 0x0000005247a00000,0x0000005247b00000] [id=32976]
  0x0000021276462930 GCTaskThread "GC Thread#3" [stack: 0x0000005247b00000,0x0000005247c00000] [id=28692]
  0x0000021276462bf0 GCTaskThread "GC Thread#4" [stack: 0x0000005247c00000,0x0000005247d00000] [id=9240]
  0x0000021276462eb0 GCTaskThread "GC Thread#5" [stack: 0x0000005247d00000,0x0000005247e00000] [id=13132]
  0x000002127e97e210 GCTaskThread "GC Thread#6" [stack: 0x0000005248d00000,0x0000005248e00000] [id=5016]
  0x000002127e97e4d0 GCTaskThread "GC Thread#7" [stack: 0x0000005248e00000,0x0000005248f00000] [id=20204]
  0x000002127e97e790 GCTaskThread "GC Thread#8" [stack: 0x0000005248f00000,0x0000005249000000] [id=26248]
  0x000002127cdc5aa0 GCTaskThread "GC Thread#9" [stack: 0x0000005249000000,0x0000005249100000] [id=5352]
  0x00000212577fe5d0 ConcurrentGCThread "G1 Main Marker" [stack: 0x0000005246600000,0x0000005246700000] [id=17888]
  0x00000212577ffbd0 ConcurrentGCThread "G1 Conc#0" [stack: 0x0000005246700000,0x0000005246800000] [id=10652]
  0x000002127cdc6b20 ConcurrentGCThread "G1 Conc#1" [stack: 0x0000005249100000,0x0000005249200000] [id=37256]
  0x000002127cdc7360 ConcurrentGCThread "G1 Conc#2" [stack: 0x0000005249200000,0x0000005249300000] [id=44356]
  0x0000021275e7bb10 ConcurrentGCThread "G1 Refine#0" [stack: 0x0000005246800000,0x0000005246900000] [id=44872]
  0x000002121cd65d30 ConcurrentGCThread "G1 Refine#1" [stack: 0x000000524b100000,0x000000524b200000] [id=32444]
  0x000002121d44ef00 ConcurrentGCThread "G1 Refine#2" [stack: 0x0000005254e00000,0x0000005254f00000] [id=43308]
  0x000002121cd65a40 ConcurrentGCThread "G1 Refine#3" [stack: 0x0000005254f00000,0x0000005255000000] [id=9656]
  0x0000021275e7d300 ConcurrentGCThread "G1 Service" [stack: 0x0000005246900000,0x0000005246a00000] [id=39464]

Threads with active compile tasks:
C2 CompilerThread0   545433 32175       4       com.sun.org.apache.xerces.internal.impl.XMLNSDocumentScannerImpl::scanStartElement (1031 bytes)
C1 CompilerThread0   545433 32178       3       com.sun.org.apache.xerces.internal.impl.XMLDocumentFragmentScannerImpl::reset (194 bytes)
C2 CompilerThread1   545434 32150       4       com.sun.org.apache.xerces.internal.impl.XMLNSDocumentScannerImpl::scanAttribute (834 bytes)
C2 CompilerThread2   545434 32171       4       com.sun.org.apache.xerces.internal.util.ParserConfigurationSettings::addRecognizedFeatures (56 bytes)

VM state: synchronizing (normal execution)

VM Mutex/Monitor currently owned by a thread:  ([mutex/lock_event])
[0x00000212553dce60] Metaspace_lock - owner thread: 0x000002127c7ba9a0
[0x00000212553dc560] Threads_lock - owner thread: 0x0000021275fbb860

Heap address: 0x0000000080000000, size: 2048 MB, Compressed Oops mode: 32-bit

CDS archive(s) mapped at: [0x0000021200000000-0x0000021200bb0000-0x0000021200bb0000), size 12255232, SharedBaseAddress: 0x0000021200000000, ArchiveRelocationMode: 1.
Compressed class space mapped at: 0x0000021201000000-0x000002121b000000, reserved size: 436207616
Narrow klass base: 0x0000021200000000, Narrow klass shift: 0, Narrow klass range: 0x100000000

GC Precious Log:
 CPUs: 12 total, 12 available
 Memory: 16253M
 Large Page Support: Disabled
 NUMA Support: Disabled
 Compressed Oops: Enabled (32-bit)
 Heap Region Size: 1M
 Heap Min Capacity: 8M
 Heap Initial Capacity: 254M
 Heap Max Capacity: 2G
 Pre-touch: Disabled
 Parallel Workers: 10
 Concurrent Workers: 3
 Concurrent Refinement Workers: 10
 Periodic GC: Disabled

Heap:
 garbage-first heap   total 880640K, used 563077K [0x0000000080000000, 0x0000000100000000)
  region size 1024K, 290 young (296960K), 3 survivors (3072K)
 Metaspace       used 137431K, committed 139456K, reserved 557056K
  class space    used 18484K, committed 19520K, reserved 425984K

Heap Regions: E=young(eden), S=young(survivor), O=old, HS=humongous(starts), HC=humongous(continues), CS=collection set, F=free, OA=open archive, CA=closed archive, TAMS=top-at-mark-start (previous, next)
|   0|0x0000000080000000, 0x0000000080100000, 0x0000000080100000|100%|HS|  |TAMS 0x0000000080100000, 0x0000000080000000| Complete 
|   1|0x0000000080100000, 0x0000000080200000, 0x0000000080200000|100%|HC|  |TAMS 0x0000000080200000, 0x0000000080100000| Complete 
|   2|0x0000000080200000, 0x0000000080300000, 0x0000000080300000|100%|HC|  |TAMS 0x0000000080300000, 0x0000000080200000| Complete 
|   3|0x0000000080300000, 0x0000000080400000, 0x0000000080400000|100%| O|  |TAMS 0x0000000080400000, 0x0000000080300000| Untracked 
|   4|0x0000000080400000, 0x0000000080500000, 0x0000000080500000|100%| O|  |TAMS 0x0000000080500000, 0x0000000080400000| Untracked 
|   5|0x0000000080500000, 0x0000000080600000, 0x0000000080600000|100%| O|  |TAMS 0x0000000080600000, 0x0000000080500000| Untracked 
|   6|0x0000000080600000, 0x0000000080700000, 0x0000000080700000|100%|HS|  |TAMS 0x0000000080700000, 0x0000000080600000| Complete 
|   7|0x0000000080700000, 0x0000000080800000, 0x0000000080800000|100%| O|  |TAMS 0x0000000080800000, 0x0000000080700000| Untracked 
|   8|0x0000000080800000, 0x0000000080900000, 0x0000000080900000|100%| O|  |TAMS 0x0000000080900000, 0x0000000080800000| Untracked 
|   9|0x0000000080900000, 0x0000000080a00000, 0x0000000080a00000|100%| O|  |TAMS 0x0000000080a00000, 0x0000000080900000| Untracked 
|  10|0x0000000080a00000, 0x0000000080b00000, 0x0000000080b00000|100%| O|  |TAMS 0x0000000080b00000, 0x0000000080a00000| Untracked 
|  11|0x0000000080b00000, 0x0000000080c00000, 0x0000000080c00000|100%| O|  |TAMS 0x0000000080c00000, 0x0000000080b00000| Untracked 
|  12|0x0000000080c00000, 0x0000000080d00000, 0x0000000080d00000|100%|HS|  |TAMS 0x0000000080d00000, 0x0000000080c00000| Complete 
|  13|0x0000000080d00000, 0x0000000080e00000, 0x0000000080e00000|100%|HS|  |TAMS 0x0000000080e00000, 0x0000000080d00000| Complete 
|  14|0x0000000080e00000, 0x0000000080f00000, 0x0000000080f00000|100%| O|  |TAMS 0x0000000080f00000, 0x0000000080e00000| Untracked 
|  15|0x0000000080f00000, 0x0000000081000000, 0x0000000081000000|100%| O|  |TAMS 0x0000000081000000, 0x0000000080f00000| Untracked 
|  16|0x0000000081000000, 0x0000000081100000, 0x0000000081100000|100%| O|  |TAMS 0x0000000081100000, 0x0000000081000000| Untracked 
|  17|0x0000000081100000, 0x0000000081200000, 0x0000000081200000|100%| O|  |TAMS 0x0000000081200000, 0x0000000081100000| Untracked 
|  18|0x0000000081200000, 0x0000000081300000, 0x0000000081300000|100%| O|  |TAMS 0x0000000081300000, 0x0000000081200000| Untracked 
|  19|0x0000000081300000, 0x0000000081400000, 0x0000000081400000|100%| O|  |TAMS 0x0000000081400000, 0x0000000081300000| Untracked 
|  20|0x0000000081400000, 0x0000000081500000, 0x0000000081500000|100%| O|  |TAMS 0x0000000081500000, 0x0000000081400000| Untracked 
|  21|0x0000000081500000, 0x0000000081600000, 0x0000000081600000|100%| O|  |TAMS 0x0000000081600000, 0x0000000081500000| Untracked 
|  22|0x0000000081600000, 0x0000000081700000, 0x0000000081700000|100%| O|  |TAMS 0x0000000081700000, 0x0000000081600000| Untracked 
|  23|0x0000000081700000, 0x0000000081800000, 0x0000000081800000|100%| O|  |TAMS 0x0000000081800000, 0x0000000081700000| Untracked 
|  24|0x0000000081800000, 0x0000000081900000, 0x0000000081900000|100%| O|  |TAMS 0x0000000081900000, 0x0000000081800000| Untracked 
|  25|0x0000000081900000, 0x0000000081a00000, 0x0000000081a00000|100%| O|  |TAMS 0x0000000081a00000, 0x0000000081900000| Untracked 
|  26|0x0000000081a00000, 0x0000000081b00000, 0x0000000081b00000|100%|HS|  |TAMS 0x0000000081b00000, 0x0000000081a00000| Complete 
|  27|0x0000000081b00000, 0x0000000081c00000, 0x0000000081c00000|100%|HC|  |TAMS 0x0000000081c00000, 0x0000000081b00000| Complete 
|  28|0x0000000081c00000, 0x0000000081d00000, 0x0000000081d00000|100%|HC|  |TAMS 0x0000000081d00000, 0x0000000081c00000| Complete 
|  29|0x0000000081d00000, 0x0000000081e00000, 0x0000000081e00000|100%|HS|  |TAMS 0x0000000081e00000, 0x0000000081d00000| Complete 
|  30|0x0000000081e00000, 0x0000000081f00000, 0x0000000081f00000|100%|HC|  |TAMS 0x0000000081f00000, 0x0000000081e00000| Complete 
|  31|0x0000000081f00000, 0x0000000082000000, 0x0000000082000000|100%|HC|  |TAMS 0x0000000082000000, 0x0000000081f00000| Complete 
|  32|0x0000000082000000, 0x0000000082100000, 0x0000000082100000|100%|HS|  |TAMS 0x0000000082100000, 0x0000000082000000| Complete 
|  33|0x0000000082100000, 0x0000000082200000, 0x0000000082200000|100%| O|  |TAMS 0x0000000082200000, 0x0000000082100000| Untracked 
|  34|0x0000000082200000, 0x0000000082300000, 0x0000000082300000|100%| O|  |TAMS 0x0000000082300000, 0x0000000082200000| Untracked 
|  35|0x0000000082300000, 0x0000000082400000, 0x0000000082400000|100%|HS|  |TAMS 0x0000000082400000, 0x0000000082300000| Complete 
|  36|0x0000000082400000, 0x0000000082500000, 0x0000000082500000|100%|HC|  |TAMS 0x0000000082500000, 0x0000000082400000| Complete 
|  37|0x0000000082500000, 0x0000000082600000, 0x0000000082600000|100%|HC|  |TAMS 0x0000000082600000, 0x0000000082500000| Complete 
|  38|0x0000000082600000, 0x0000000082700000, 0x0000000082700000|100%| O|  |TAMS 0x0000000082700000, 0x0000000082600000| Untracked 
|  39|0x0000000082700000, 0x0000000082800000, 0x0000000082800000|100%| O|  |TAMS 0x0000000082800000, 0x0000000082700000| Untracked 
|  40|0x0000000082800000, 0x0000000082900000, 0x0000000082900000|100%| O|  |TAMS 0x0000000082900000, 0x0000000082800000| Untracked 
|  41|0x0000000082900000, 0x0000000082a00000, 0x0000000082a00000|100%| O|  |TAMS 0x0000000082a00000, 0x0000000082900000| Untracked 
|  42|0x0000000082a00000, 0x0000000082b00000, 0x0000000082b00000|100%| O|  |TAMS 0x0000000082b00000, 0x0000000082a00000| Untracked 
|  43|0x0000000082b00000, 0x0000000082c00000, 0x0000000082c00000|100%| O|  |TAMS 0x0000000082c00000, 0x0000000082b00000| Untracked 
|  44|0x0000000082c00000, 0x0000000082d00000, 0x0000000082d00000|100%| O|  |TAMS 0x0000000082d00000, 0x0000000082c00000| Untracked 
|  45|0x0000000082d00000, 0x0000000082e00000, 0x0000000082e00000|100%| O|  |TAMS 0x0000000082e00000, 0x0000000082d00000| Untracked 
|  46|0x0000000082e00000, 0x0000000082f00000, 0x0000000082f00000|100%| O|  |TAMS 0x0000000082f00000, 0x0000000082e00000| Untracked 
|  47|0x0000000082f00000, 0x0000000083000000, 0x0000000083000000|100%| O|  |TAMS 0x0000000083000000, 0x0000000082f00000| Untracked 
|  48|0x0000000083000000, 0x0000000083100000, 0x0000000083100000|100%| O|  |TAMS 0x0000000083100000, 0x0000000083000000| Untracked 
|  49|0x0000000083100000, 0x0000000083200000, 0x0000000083200000|100%| O|  |TAMS 0x0000000083200000, 0x0000000083100000| Untracked 
|  50|0x0000000083200000, 0x0000000083300000, 0x0000000083300000|100%| O|  |TAMS 0x0000000083300000, 0x0000000083200000| Untracked 
|  51|0x0000000083300000, 0x0000000083400000, 0x0000000083400000|100%| O|  |TAMS 0x0000000083400000, 0x0000000083300000| Untracked 
|  52|0x0000000083400000, 0x0000000083500000, 0x0000000083500000|100%|HS|  |TAMS 0x0000000083500000, 0x0000000083400000| Complete 
|  53|0x0000000083500000, 0x0000000083600000, 0x0000000083600000|100%| O|  |TAMS 0x0000000083600000, 0x0000000083500000| Untracked 
|  54|0x0000000083600000, 0x0000000083700000, 0x0000000083700000|100%| O|  |TAMS 0x0000000083700000, 0x0000000083600000| Untracked 
|  55|0x0000000083700000, 0x0000000083800000, 0x0000000083800000|100%| O|  |TAMS 0x0000000083800000, 0x0000000083700000| Untracked 
|  56|0x0000000083800000, 0x0000000083900000, 0x0000000083900000|100%| O|  |TAMS 0x0000000083900000, 0x0000000083800000| Untracked 
|  57|0x0000000083900000, 0x0000000083a00000, 0x0000000083a00000|100%|HS|  |TAMS 0x0000000083a00000, 0x0000000083900000| Complete 
|  58|0x0000000083a00000, 0x0000000083b00000, 0x0000000083b00000|100%| O|  |TAMS 0x0000000083b00000, 0x0000000083a00000| Untracked 
|  59|0x0000000083b00000, 0x0000000083c00000, 0x0000000083c00000|100%|HS|  |TAMS 0x0000000083c00000, 0x0000000083b00000| Complete 
|  60|0x0000000083c00000, 0x0000000083d00000, 0x0000000083d00000|100%| O|  |TAMS 0x0000000083d00000, 0x0000000083c00000| Untracked 
|  61|0x0000000083d00000, 0x0000000083e00000, 0x0000000083e00000|100%| O|  |TAMS 0x0000000083e00000, 0x0000000083d00000| Untracked 
|  62|0x0000000083e00000, 0x0000000083f00000, 0x0000000083f00000|100%| O|  |TAMS 0x0000000083f00000, 0x0000000083e00000| Untracked 
|  63|0x0000000083f00000, 0x0000000084000000, 0x0000000084000000|100%| O|  |TAMS 0x0000000084000000, 0x0000000083f00000| Untracked 
|  64|0x0000000084000000, 0x0000000084100000, 0x0000000084100000|100%| O|  |TAMS 0x0000000084100000, 0x0000000084000000| Untracked 
|  65|0x0000000084100000, 0x0000000084200000, 0x0000000084200000|100%| O|  |TAMS 0x0000000084200000, 0x0000000084100000| Untracked 
|  66|0x0000000084200000, 0x0000000084300000, 0x0000000084300000|100%| O|  |TAMS 0x0000000084300000, 0x0000000084200000| Untracked 
|  67|0x0000000084300000, 0x0000000084400000, 0x0000000084400000|100%| O|  |TAMS 0x0000000084400000, 0x0000000084300000| Untracked 
|  68|0x0000000084400000, 0x0000000084500000, 0x0000000084500000|100%| O|  |TAMS 0x0000000084500000, 0x0000000084400000| Untracked 
|  69|0x0000000084500000, 0x0000000084600000, 0x0000000084600000|100%| O|  |TAMS 0x0000000084600000, 0x0000000084500000| Untracked 
|  70|0x0000000084600000, 0x0000000084700000, 0x0000000084700000|100%| O|  |TAMS 0x0000000084700000, 0x0000000084600000| Untracked 
|  71|0x0000000084700000, 0x0000000084800000, 0x0000000084800000|100%| O|  |TAMS 0x0000000084800000, 0x0000000084700000| Untracked 
|  72|0x0000000084800000, 0x0000000084900000, 0x0000000084900000|100%|HS|  |TAMS 0x0000000084800000, 0x0000000084800000| Complete 
|  73|0x0000000084900000, 0x0000000084a00000, 0x0000000084a00000|100%| O|  |TAMS 0x0000000084a00000, 0x0000000084900000| Untracked 
|  74|0x0000000084a00000, 0x0000000084b00000, 0x0000000084b00000|100%| O|  |TAMS 0x0000000084b00000, 0x0000000084a00000| Untracked 
|  75|0x0000000084b00000, 0x0000000084c00000, 0x0000000084c00000|100%| O|  |TAMS 0x0000000084c00000, 0x0000000084b00000| Untracked 
|  76|0x0000000084c00000, 0x0000000084d00000, 0x0000000084d00000|100%|HS|  |TAMS 0x0000000084c00000, 0x0000000084c00000| Complete 
|  77|0x0000000084d00000, 0x0000000084e00000, 0x0000000084e00000|100%| O|  |TAMS 0x0000000084e00000, 0x0000000084d00000| Untracked 
|  78|0x0000000084e00000, 0x0000000084f00000, 0x0000000084f00000|100%| O|  |TAMS 0x0000000084f00000, 0x0000000084e00000| Untracked 
|  79|0x0000000084f00000, 0x0000000085000000, 0x0000000085000000|100%| O|  |TAMS 0x0000000085000000, 0x0000000084f00000| Untracked 
|  80|0x0000000085000000, 0x0000000085100000, 0x0000000085100000|100%|HS|  |TAMS 0x0000000085000000, 0x0000000085000000| Complete 
|  81|0x0000000085100000, 0x0000000085200000, 0x0000000085200000|100%|HC|  |TAMS 0x0000000085100000, 0x0000000085100000| Complete 
|  82|0x0000000085200000, 0x0000000085300000, 0x0000000085300000|100%| O|  |TAMS 0x0000000085300000, 0x0000000085200000| Untracked 
|  83|0x0000000085300000, 0x0000000085400000, 0x0000000085400000|100%| O|  |TAMS 0x0000000085400000, 0x0000000085300000| Untracked 
|  84|0x0000000085400000, 0x0000000085500000, 0x0000000085500000|100%| O|  |TAMS 0x0000000085500000, 0x0000000085400000| Untracked 
|  85|0x0000000085500000, 0x0000000085600000, 0x0000000085600000|100%| O|  |TAMS 0x0000000085600000, 0x0000000085500000| Untracked 
|  86|0x0000000085600000, 0x0000000085700000, 0x0000000085700000|100%| O|  |TAMS 0x0000000085700000, 0x0000000085600000| Untracked 
|  87|0x0000000085700000, 0x0000000085800000, 0x0000000085800000|100%| O|  |TAMS 0x0000000085800000, 0x0000000085700000| Untracked 
|  88|0x0000000085800000, 0x0000000085900000, 0x0000000085900000|100%| O|  |TAMS 0x0000000085900000, 0x0000000085800000| Untracked 
|  89|0x0000000085900000, 0x0000000085a00000, 0x0000000085a00000|100%| O|  |TAMS 0x0000000085a00000, 0x0000000085900000| Untracked 
|  90|0x0000000085a00000, 0x0000000085b00000, 0x0000000085b00000|100%| O|  |TAMS 0x0000000085b00000, 0x0000000085a00000| Untracked 
|  91|0x0000000085b00000, 0x0000000085c00000, 0x0000000085c00000|100%| O|  |TAMS 0x0000000085c00000, 0x0000000085b00000| Untracked 
|  92|0x0000000085c00000, 0x0000000085d00000, 0x0000000085d00000|100%| O|  |TAMS 0x0000000085d00000, 0x0000000085c00000| Untracked 
|  93|0x0000000085d00000, 0x0000000085e00000, 0x0000000085e00000|100%| O|  |TAMS 0x0000000085e00000, 0x0000000085d00000| Untracked 
|  94|0x0000000085e00000, 0x0000000085f00000, 0x0000000085f00000|100%| O|  |TAMS 0x0000000085f00000, 0x0000000085e00000| Untracked 
|  95|0x0000000085f00000, 0x0000000085f00000, 0x0000000086000000|  0%| F|  |TAMS 0x0000000085f00000, 0x0000000085f00000| Untracked 
|  96|0x0000000086000000, 0x0000000086100000, 0x0000000086100000|100%| O|  |TAMS 0x0000000086100000, 0x0000000086000000| Untracked 
|  97|0x0000000086100000, 0x0000000086200000, 0x0000000086200000|100%| O|  |TAMS 0x0000000086200000, 0x0000000086100000| Untracked 
|  98|0x0000000086200000, 0x0000000086300000, 0x0000000086300000|100%| O|  |TAMS 0x0000000086300000, 0x0000000086200000| Untracked 
|  99|0x0000000086300000, 0x0000000086400000, 0x0000000086400000|100%| O|  |TAMS 0x0000000086400000, 0x0000000086300000| Untracked 
| 100|0x0000000086400000, 0x0000000086500000, 0x0000000086500000|100%| O|  |TAMS 0x0000000086500000, 0x0000000086400000| Untracked 
| 101|0x0000000086500000, 0x0000000086600000, 0x0000000086600000|100%| O|  |TAMS 0x0000000086600000, 0x0000000086500000| Untracked 
| 102|0x0000000086600000, 0x0000000086700000, 0x0000000086700000|100%| O|  |TAMS 0x0000000086700000, 0x0000000086600000| Untracked 
| 103|0x0000000086700000, 0x0000000086800000, 0x0000000086800000|100%| O|  |TAMS 0x0000000086800000, 0x0000000086700000| Untracked 
| 104|0x0000000086800000, 0x0000000086900000, 0x0000000086900000|100%| O|  |TAMS 0x0000000086900000, 0x0000000086800000| Untracked 
| 105|0x0000000086900000, 0x0000000086a00000, 0x0000000086a00000|100%| O|  |TAMS 0x0000000086a00000, 0x0000000086900000| Untracked 
| 106|0x0000000086a00000, 0x0000000086a00000, 0x0000000086b00000|  0%| F|  |TAMS 0x0000000086a00000, 0x0000000086a00000| Untracked 
| 107|0x0000000086b00000, 0x0000000086c00000, 0x0000000086c00000|100%| O|  |TAMS 0x0000000086c00000, 0x0000000086b00000| Untracked 
| 108|0x0000000086c00000, 0x0000000086d00000, 0x0000000086d00000|100%| O|  |TAMS 0x0000000086d00000, 0x0000000086c00000| Untracked 
| 109|0x0000000086d00000, 0x0000000086e00000, 0x0000000086e00000|100%|HS|  |TAMS 0x0000000086d00000, 0x0000000086d00000| Complete 
| 110|0x0000000086e00000, 0x0000000086f00000, 0x0000000086f00000|100%|HC|  |TAMS 0x0000000086e00000, 0x0000000086e00000| Complete 
| 111|0x0000000086f00000, 0x0000000087000000, 0x0000000087000000|100%| O|  |TAMS 0x0000000087000000, 0x0000000086f00000| Untracked 
| 112|0x0000000087000000, 0x0000000087100000, 0x0000000087100000|100%| O|  |TAMS 0x0000000087100000, 0x0000000087000000| Untracked 
| 113|0x0000000087100000, 0x0000000087200000, 0x0000000087200000|100%| O|  |TAMS 0x0000000087200000, 0x0000000087100000| Untracked 
| 114|0x0000000087200000, 0x0000000087300000, 0x0000000087300000|100%| O|  |TAMS 0x0000000087300000, 0x0000000087200000| Untracked 
| 115|0x0000000087300000, 0x0000000087400000, 0x0000000087400000|100%| O|  |TAMS 0x0000000087400000, 0x0000000087300000| Untracked 
| 116|0x0000000087400000, 0x0000000087500000, 0x0000000087500000|100%| O|  |TAMS 0x0000000087500000, 0x0000000087400000| Untracked 
| 117|0x0000000087500000, 0x0000000087600000, 0x0000000087600000|100%| O|  |TAMS 0x0000000087600000, 0x0000000087500000| Untracked 
| 118|0x0000000087600000, 0x0000000087700000, 0x0000000087700000|100%| O|  |TAMS 0x0000000087700000, 0x0000000087600000| Untracked 
| 119|0x0000000087700000, 0x0000000087800000, 0x0000000087800000|100%| O|  |TAMS 0x0000000087800000, 0x0000000087700000| Untracked 
| 120|0x0000000087800000, 0x0000000087900000, 0x0000000087900000|100%| O|  |TAMS 0x0000000087900000, 0x0000000087800000| Untracked 
| 121|0x0000000087900000, 0x0000000087a00000, 0x0000000087a00000|100%| O|  |TAMS 0x0000000087a00000, 0x0000000087900000| Untracked 
| 122|0x0000000087a00000, 0x0000000087b00000, 0x0000000087b00000|100%| O|  |TAMS 0x0000000087b00000, 0x0000000087a00000| Untracked 
| 123|0x0000000087b00000, 0x0000000087c00000, 0x0000000087c00000|100%| O|  |TAMS 0x0000000087c00000, 0x0000000087b00000| Untracked 
| 124|0x0000000087c00000, 0x0000000087d00000, 0x0000000087d00000|100%| O|  |TAMS 0x0000000087d00000, 0x0000000087c00000| Untracked 
| 125|0x0000000087d00000, 0x0000000087e00000, 0x0000000087e00000|100%| O|  |TAMS 0x0000000087e00000, 0x0000000087d00000| Untracked 
| 126|0x0000000087e00000, 0x0000000087f00000, 0x0000000087f00000|100%| O|  |TAMS 0x0000000087f00000, 0x0000000087e00000| Untracked 
| 127|0x0000000087f00000, 0x0000000088000000, 0x0000000088000000|100%| O|  |TAMS 0x0000000088000000, 0x0000000087f00000| Untracked 
| 128|0x0000000088000000, 0x0000000088000000, 0x0000000088100000|  0%| F|  |TAMS 0x0000000088000000, 0x0000000088000000| Untracked 
| 129|0x0000000088100000, 0x0000000088200000, 0x0000000088200000|100%| O|  |TAMS 0x0000000088200000, 0x0000000088100000| Untracked 
| 130|0x0000000088200000, 0x0000000088300000, 0x0000000088300000|100%| O|  |TAMS 0x0000000088300000, 0x0000000088200000| Untracked 
| 131|0x0000000088300000, 0x0000000088400000, 0x0000000088400000|100%| O|  |TAMS 0x0000000088400000, 0x0000000088300000| Untracked 
| 132|0x0000000088400000, 0x0000000088500000, 0x0000000088500000|100%|HS|  |TAMS 0x0000000088500000, 0x0000000088400000| Complete 
| 133|0x0000000088500000, 0x0000000088600000, 0x0000000088600000|100%|HC|  |TAMS 0x0000000088600000, 0x0000000088500000| Complete 
| 134|0x0000000088600000, 0x0000000088700000, 0x0000000088700000|100%| O|  |TAMS 0x0000000088700000, 0x0000000088600000| Untracked 
| 135|0x0000000088700000, 0x0000000088800000, 0x0000000088800000|100%| O|  |TAMS 0x0000000088800000, 0x0000000088700000| Untracked 
| 136|0x0000000088800000, 0x0000000088900000, 0x0000000088900000|100%| O|  |TAMS 0x0000000088900000, 0x0000000088800000| Untracked 
| 137|0x0000000088900000, 0x0000000088a00000, 0x0000000088a00000|100%| O|  |TAMS 0x0000000088a00000, 0x0000000088900000| Untracked 
| 138|0x0000000088a00000, 0x0000000088b00000, 0x0000000088b00000|100%| O|  |TAMS 0x0000000088b00000, 0x0000000088a00000| Untracked 
| 139|0x0000000088b00000, 0x0000000088c00000, 0x0000000088c00000|100%| O|  |TAMS 0x0000000088c00000, 0x0000000088b00000| Untracked 
| 140|0x0000000088c00000, 0x0000000088d00000, 0x0000000088d00000|100%| O|  |TAMS 0x0000000088d00000, 0x0000000088c00000| Untracked 
| 141|0x0000000088d00000, 0x0000000088e00000, 0x0000000088e00000|100%| O|  |TAMS 0x0000000088e00000, 0x0000000088d00000| Untracked 
| 142|0x0000000088e00000, 0x0000000088f00000, 0x0000000088f00000|100%| O|  |TAMS 0x0000000088f00000, 0x0000000088e00000| Untracked 
| 143|0x0000000088f00000, 0x0000000089000000, 0x0000000089000000|100%| O|  |TAMS 0x0000000089000000, 0x0000000088f00000| Untracked 
| 144|0x0000000089000000, 0x0000000089100000, 0x0000000089100000|100%| O|  |TAMS 0x0000000089100000, 0x0000000089000000| Untracked 
| 145|0x0000000089100000, 0x0000000089200000, 0x0000000089200000|100%| O|  |TAMS 0x0000000089200000, 0x0000000089100000| Untracked 
| 146|0x0000000089200000, 0x0000000089300000, 0x0000000089300000|100%| O|  |TAMS 0x0000000089300000, 0x0000000089200000| Untracked 
| 147|0x0000000089300000, 0x0000000089400000, 0x0000000089400000|100%| O|  |TAMS 0x0000000089400000, 0x0000000089300000| Untracked 
| 148|0x0000000089400000, 0x0000000089500000, 0x0000000089500000|100%| O|  |TAMS 0x0000000089500000, 0x0000000089400000| Untracked 
| 149|0x0000000089500000, 0x0000000089600000, 0x0000000089600000|100%| O|  |TAMS 0x0000000089600000, 0x0000000089500000| Untracked 
| 150|0x0000000089600000, 0x0000000089700000, 0x0000000089700000|100%| O|  |TAMS 0x0000000089700000, 0x0000000089600000| Untracked 
| 151|0x0000000089700000, 0x0000000089800000, 0x0000000089800000|100%| O|  |TAMS 0x0000000089800000, 0x0000000089700000| Untracked 
| 152|0x0000000089800000, 0x0000000089900000, 0x0000000089900000|100%| O|  |TAMS 0x0000000089900000, 0x0000000089800000| Untracked 
| 153|0x0000000089900000, 0x0000000089a00000, 0x0000000089a00000|100%| O|  |TAMS 0x0000000089a00000, 0x0000000089900000| Untracked 
| 154|0x0000000089a00000, 0x0000000089b00000, 0x0000000089b00000|100%| O|  |TAMS 0x0000000089b00000, 0x0000000089a00000| Untracked 
| 155|0x0000000089b00000, 0x0000000089c00000, 0x0000000089c00000|100%| O|  |TAMS 0x0000000089c00000, 0x0000000089b00000| Untracked 
| 156|0x0000000089c00000, 0x0000000089d00000, 0x0000000089d00000|100%| O|  |TAMS 0x0000000089d00000, 0x0000000089c00000| Untracked 
| 157|0x0000000089d00000, 0x0000000089e00000, 0x0000000089e00000|100%| O|  |TAMS 0x0000000089e00000, 0x0000000089d00000| Untracked 
| 158|0x0000000089e00000, 0x0000000089f00000, 0x0000000089f00000|100%| O|  |TAMS 0x0000000089f00000, 0x0000000089e00000| Untracked 
| 159|0x0000000089f00000, 0x000000008a000000, 0x000000008a000000|100%| O|  |TAMS 0x000000008a000000, 0x0000000089f00000| Untracked 
| 160|0x000000008a000000, 0x000000008a100000, 0x000000008a100000|100%| O|  |TAMS 0x000000008a100000, 0x000000008a000000| Complete 
| 161|0x000000008a100000, 0x000000008a200000, 0x000000008a200000|100%| O|  |TAMS 0x000000008a200000, 0x000000008a100000| Untracked 
| 162|0x000000008a200000, 0x000000008a300000, 0x000000008a300000|100%|HS|  |TAMS 0x000000008a200000, 0x000000008a200000| Complete 
| 163|0x000000008a300000, 0x000000008a400000, 0x000000008a400000|100%|HC|  |TAMS 0x000000008a300000, 0x000000008a300000| Complete 
| 164|0x000000008a400000, 0x000000008a500000, 0x000000008a500000|100%| O|  |TAMS 0x000000008a500000, 0x000000008a400000| Untracked 
| 165|0x000000008a500000, 0x000000008a600000, 0x000000008a600000|100%| O|  |TAMS 0x000000008a600000, 0x000000008a500000| Untracked 
| 166|0x000000008a600000, 0x000000008a700000, 0x000000008a700000|100%| O|  |TAMS 0x000000008a700000, 0x000000008a600000| Untracked 
| 167|0x000000008a700000, 0x000000008a800000, 0x000000008a800000|100%| O|  |TAMS 0x000000008a800000, 0x000000008a700000| Untracked 
| 168|0x000000008a800000, 0x000000008a900000, 0x000000008a900000|100%| O|  |TAMS 0x000000008a900000, 0x000000008a800000| Untracked 
| 169|0x000000008a900000, 0x000000008aa00000, 0x000000008aa00000|100%| O|  |TAMS 0x000000008aa00000, 0x000000008a900000| Untracked 
| 170|0x000000008aa00000, 0x000000008ab00000, 0x000000008ab00000|100%| O|  |TAMS 0x000000008ab00000, 0x000000008aa00000| Untracked 
| 171|0x000000008ab00000, 0x000000008ac00000, 0x000000008ac00000|100%| O|  |TAMS 0x000000008ac00000, 0x000000008ab00000| Untracked 
| 172|0x000000008ac00000, 0x000000008ad00000, 0x000000008ad00000|100%| O|  |TAMS 0x000000008ad00000, 0x000000008ac00000| Untracked 
| 173|0x000000008ad00000, 0x000000008ae00000, 0x000000008ae00000|100%| O|  |TAMS 0x000000008ae00000, 0x000000008ad00000| Untracked 
| 174|0x000000008ae00000, 0x000000008af00000, 0x000000008af00000|100%| O|  |TAMS 0x000000008af00000, 0x000000008ae00000| Untracked 
| 175|0x000000008af00000, 0x000000008af00000, 0x000000008b000000|  0%| F|  |TAMS 0x000000008af00000, 0x000000008af00000| Untracked 
| 176|0x000000008b000000, 0x000000008b100000, 0x000000008b100000|100%| O|  |TAMS 0x000000008b100000, 0x000000008b000000| Untracked 
| 177|0x000000008b100000, 0x000000008b100000, 0x000000008b200000|  0%| F|  |TAMS 0x000000008b100000, 0x000000008b100000| Untracked 
| 178|0x000000008b200000, 0x000000008b300000, 0x000000008b300000|100%| O|  |TAMS 0x000000008b300000, 0x000000008b200000| Untracked 
| 179|0x000000008b300000, 0x000000008b300000, 0x000000008b400000|  0%| F|  |TAMS 0x000000008b300000, 0x000000008b300000| Untracked 
| 180|0x000000008b400000, 0x000000008b500000, 0x000000008b500000|100%| O|  |TAMS 0x000000008b500000, 0x000000008b400000| Untracked 
| 181|0x000000008b500000, 0x000000008b600000, 0x000000008b600000|100%| O|  |TAMS 0x000000008b600000, 0x000000008b500000| Untracked 
| 182|0x000000008b600000, 0x000000008b700000, 0x000000008b700000|100%| O|  |TAMS 0x000000008b700000, 0x000000008b600000| Untracked 
| 183|0x000000008b700000, 0x000000008b800000, 0x000000008b800000|100%| O|  |TAMS 0x000000008b800000, 0x000000008b700000| Untracked 
| 184|0x000000008b800000, 0x000000008b900000, 0x000000008b900000|100%| O|  |TAMS 0x000000008b900000, 0x000000008b800000| Untracked 
| 185|0x000000008b900000, 0x000000008ba00000, 0x000000008ba00000|100%| O|  |TAMS 0x000000008ba00000, 0x000000008b900000| Untracked 
| 186|0x000000008ba00000, 0x000000008ba00000, 0x000000008bb00000|  0%| F|  |TAMS 0x000000008ba00000, 0x000000008ba00000| Untracked 
| 187|0x000000008bb00000, 0x000000008bc00000, 0x000000008bc00000|100%| O|  |TAMS 0x000000008bc00000, 0x000000008bb00000| Untracked 
| 188|0x000000008bc00000, 0x000000008bd00000, 0x000000008bd00000|100%| O|  |TAMS 0x000000008bd00000, 0x000000008bc00000| Untracked 
| 189|0x000000008bd00000, 0x000000008bd00000, 0x000000008be00000|  0%| F|  |TAMS 0x000000008bd00000, 0x000000008bd00000| Untracked 
| 190|0x000000008be00000, 0x000000008bf00000, 0x000000008bf00000|100%| O|  |TAMS 0x000000008bf00000, 0x000000008be00000| Untracked 
| 191|0x000000008bf00000, 0x000000008bf00000, 0x000000008c000000|  0%| F|  |TAMS 0x000000008bf00000, 0x000000008bf00000| Untracked 
| 192|0x000000008c000000, 0x000000008c100000, 0x000000008c100000|100%| O|  |TAMS 0x000000008c100000, 0x000000008c000000| Untracked 
| 193|0x000000008c100000, 0x000000008c200000, 0x000000008c200000|100%| O|  |TAMS 0x000000008c200000, 0x000000008c100000| Untracked 
| 194|0x000000008c200000, 0x000000008c200000, 0x000000008c300000|  0%| F|  |TAMS 0x000000008c200000, 0x000000008c200000| Untracked 
| 195|0x000000008c300000, 0x000000008c400000, 0x000000008c400000|100%| O|  |TAMS 0x000000008c400000, 0x000000008c300000| Untracked 
| 196|0x000000008c400000, 0x000000008c500000, 0x000000008c500000|100%| O|  |TAMS 0x000000008c500000, 0x000000008c400000| Untracked 
| 197|0x000000008c500000, 0x000000008c600000, 0x000000008c600000|100%| O|  |TAMS 0x000000008c600000, 0x000000008c500000| Complete 
| 198|0x000000008c600000, 0x000000008c700000, 0x000000008c700000|100%| O|  |TAMS 0x000000008c700000, 0x000000008c600000| Untracked 
| 199|0x000000008c700000, 0x000000008c800000, 0x000000008c800000|100%| O|  |TAMS 0x000000008c800000, 0x000000008c700000| Untracked 
| 200|0x000000008c800000, 0x000000008c900000, 0x000000008c900000|100%| O|  |TAMS 0x000000008c900000, 0x000000008c800000| Untracked 
| 201|0x000000008c900000, 0x000000008ca00000, 0x000000008ca00000|100%| O|  |TAMS 0x000000008ca00000, 0x000000008c900000| Untracked 
| 202|0x000000008ca00000, 0x000000008cb00000, 0x000000008cb00000|100%| O|  |TAMS 0x000000008cb00000, 0x000000008ca00000| Untracked 
| 203|0x000000008cb00000, 0x000000008cb00000, 0x000000008cc00000|  0%| F|  |TAMS 0x000000008cb00000, 0x000000008cb00000| Untracked 
| 204|0x000000008cc00000, 0x000000008cd00000, 0x000000008cd00000|100%| O|  |TAMS 0x000000008cd00000, 0x000000008cc00000| Untracked 
| 205|0x000000008cd00000, 0x000000008ce00000, 0x000000008ce00000|100%| O|  |TAMS 0x000000008ce00000, 0x000000008cd00000| Untracked 
| 206|0x000000008ce00000, 0x000000008cf00000, 0x000000008cf00000|100%| O|  |TAMS 0x000000008cf00000, 0x000000008ce00000| Untracked 
| 207|0x000000008cf00000, 0x000000008d000000, 0x000000008d000000|100%| O|  |TAMS 0x000000008d000000, 0x000000008cf00000| Untracked 
| 208|0x000000008d000000, 0x000000008d100000, 0x000000008d100000|100%| O|  |TAMS 0x000000008d100000, 0x000000008d000000| Untracked 
| 209|0x000000008d100000, 0x000000008d200000, 0x000000008d200000|100%| O|  |TAMS 0x000000008d200000, 0x000000008d100000| Complete 
| 210|0x000000008d200000, 0x000000008d300000, 0x000000008d300000|100%| O|  |TAMS 0x000000008d300000, 0x000000008d200000| Complete 
| 211|0x000000008d300000, 0x000000008d400000, 0x000000008d400000|100%| O|  |TAMS 0x000000008d400000, 0x000000008d300000| Untracked 
| 212|0x000000008d400000, 0x000000008d500000, 0x000000008d500000|100%| O|  |TAMS 0x000000008d500000, 0x000000008d400000| Untracked 
| 213|0x000000008d500000, 0x000000008d500000, 0x000000008d600000|  0%| F|  |TAMS 0x000000008d500000, 0x000000008d500000| Untracked 
| 214|0x000000008d600000, 0x000000008d700000, 0x000000008d700000|100%| O|  |TAMS 0x000000008d700000, 0x000000008d600000| Untracked 
| 215|0x000000008d700000, 0x000000008d800000, 0x000000008d800000|100%| O|  |TAMS 0x000000008d800000, 0x000000008d700000| Complete 
| 216|0x000000008d800000, 0x000000008d900000, 0x000000008d900000|100%| O|  |TAMS 0x000000008d900000, 0x000000008d800000| Complete 
| 217|0x000000008d900000, 0x000000008da00000, 0x000000008da00000|100%|HS|  |TAMS 0x000000008da00000, 0x000000008d900000| Complete 
| 218|0x000000008da00000, 0x000000008db00000, 0x000000008db00000|100%|HC|  |TAMS 0x000000008db00000, 0x000000008da00000| Complete 
| 219|0x000000008db00000, 0x000000008dc00000, 0x000000008dc00000|100%|HS|  |TAMS 0x000000008db00000, 0x000000008db00000| Complete 
| 220|0x000000008dc00000, 0x000000008dd00000, 0x000000008dd00000|100%|HC|  |TAMS 0x000000008dc00000, 0x000000008dc00000| Complete 
| 221|0x000000008dd00000, 0x000000008de00000, 0x000000008de00000|100%|HS|  |TAMS 0x000000008dd00000, 0x000000008dd00000| Complete 
| 222|0x000000008de00000, 0x000000008df00000, 0x000000008df00000|100%|HC|  |TAMS 0x000000008de00000, 0x000000008de00000| Complete 
| 223|0x000000008df00000, 0x000000008e000000, 0x000000008e000000|100%| O|  |TAMS 0x000000008e000000, 0x000000008df00000| Untracked 
| 224|0x000000008e000000, 0x000000008e100000, 0x000000008e100000|100%| O|  |TAMS 0x000000008e100000, 0x000000008e000000| Untracked 
| 225|0x000000008e100000, 0x000000008e200000, 0x000000008e200000|100%| O|  |TAMS 0x000000008e200000, 0x000000008e100000| Untracked 
| 226|0x000000008e200000, 0x000000008e259400, 0x000000008e300000| 34%| O|  |TAMS 0x000000008e259400, 0x000000008e200000| Complete 
| 227|0x000000008e300000, 0x000000008e400000, 0x000000008e400000|100%| O|  |TAMS 0x000000008e400000, 0x000000008e300000| Untracked 
| 228|0x000000008e400000, 0x000000008e500000, 0x000000008e500000|100%| O|  |TAMS 0x000000008e500000, 0x000000008e400000| Untracked 
| 229|0x000000008e500000, 0x000000008e600000, 0x000000008e600000|100%| O|  |TAMS 0x000000008e600000, 0x000000008e500000| Untracked 
| 230|0x000000008e600000, 0x000000008e700000, 0x000000008e700000|100%| O|  |TAMS 0x000000008e700000, 0x000000008e600000| Untracked 
| 231|0x000000008e700000, 0x000000008e800000, 0x000000008e800000|100%|HS|  |TAMS 0x000000008e700000, 0x000000008e700000| Complete 
| 232|0x000000008e800000, 0x000000008e900000, 0x000000008e900000|100%|HC|  |TAMS 0x000000008e800000, 0x000000008e800000| Complete 
| 233|0x000000008e900000, 0x000000008ea00000, 0x000000008ea00000|100%|HS|  |TAMS 0x000000008e900000, 0x000000008e900000| Complete 
| 234|0x000000008ea00000, 0x000000008eb00000, 0x000000008eb00000|100%|HC|  |TAMS 0x000000008ea00000, 0x000000008ea00000| Complete 
| 235|0x000000008eb00000, 0x000000008ec00000, 0x000000008ec00000|100%|HS|  |TAMS 0x000000008eb00000, 0x000000008eb00000| Complete 
| 236|0x000000008ec00000, 0x000000008ed00000, 0x000000008ed00000|100%|HC|  |TAMS 0x000000008ec00000, 0x000000008ec00000| Complete 
| 237|0x000000008ed00000, 0x000000008ee00000, 0x000000008ee00000|100%|HS|  |TAMS 0x000000008ed00000, 0x000000008ed00000| Complete 
| 238|0x000000008ee00000, 0x000000008ef00000, 0x000000008ef00000|100%|HC|  |TAMS 0x000000008ee00000, 0x000000008ee00000| Complete 
| 239|0x000000008ef00000, 0x000000008f000000, 0x000000008f000000|100%|HS|  |TAMS 0x000000008ef00000, 0x000000008ef00000| Complete 
| 240|0x000000008f000000, 0x000000008f100000, 0x000000008f100000|100%|HC|  |TAMS 0x000000008f000000, 0x000000008f000000| Complete 
| 241|0x000000008f100000, 0x000000008f200000, 0x000000008f200000|100%|HS|  |TAMS 0x000000008f100000, 0x000000008f100000| Complete 
| 242|0x000000008f200000, 0x000000008f300000, 0x000000008f300000|100%|HC|  |TAMS 0x000000008f200000, 0x000000008f200000| Complete 
| 243|0x000000008f300000, 0x000000008f400000, 0x000000008f400000|100%|HS|  |TAMS 0x000000008f300000, 0x000000008f300000| Complete 
| 244|0x000000008f400000, 0x000000008f500000, 0x000000008f500000|100%|HC|  |TAMS 0x000000008f400000, 0x000000008f400000| Complete 
| 245|0x000000008f500000, 0x000000008f600000, 0x000000008f600000|100%|HC|  |TAMS 0x000000008f500000, 0x000000008f500000| Complete 
| 246|0x000000008f600000, 0x000000008f700000, 0x000000008f700000|100%|HS|  |TAMS 0x000000008f600000, 0x000000008f600000| Complete 
| 247|0x000000008f700000, 0x000000008f800000, 0x000000008f800000|100%|HC|  |TAMS 0x000000008f700000, 0x000000008f700000| Complete 
| 248|0x000000008f800000, 0x000000008f900000, 0x000000008f900000|100%|HC|  |TAMS 0x000000008f800000, 0x000000008f800000| Complete 
| 249|0x000000008f900000, 0x000000008f900000, 0x000000008fa00000|  0%| F|  |TAMS 0x000000008f900000, 0x000000008f900000| Untracked 
| 250|0x000000008fa00000, 0x000000008fa00000, 0x000000008fb00000|  0%| F|  |TAMS 0x000000008fa00000, 0x000000008fa00000| Untracked 
| 251|0x000000008fb00000, 0x000000008fb00000, 0x000000008fc00000|  0%| F|  |TAMS 0x000000008fb00000, 0x000000008fb00000| Untracked 
| 252|0x000000008fc00000, 0x000000008fc00000, 0x000000008fd00000|  0%| F|  |TAMS 0x000000008fc00000, 0x000000008fc00000| Untracked 
| 253|0x000000008fd00000, 0x000000008fd00000, 0x000000008fe00000|  0%| F|  |TAMS 0x000000008fd00000, 0x000000008fd00000| Untracked 
| 254|0x000000008fe00000, 0x000000008fe00000, 0x000000008ff00000|  0%| F|  |TAMS 0x000000008fe00000, 0x000000008fe00000| Untracked 
| 255|0x000000008ff00000, 0x000000008ff00000, 0x0000000090000000|  0%| F|  |TAMS 0x000000008ff00000, 0x000000008ff00000| Untracked 
| 256|0x0000000090000000, 0x0000000090000000, 0x0000000090100000|  0%| F|  |TAMS 0x0000000090000000, 0x0000000090000000| Untracked 
| 257|0x0000000090100000, 0x0000000090100000, 0x0000000090200000|  0%| F|  |TAMS 0x0000000090100000, 0x0000000090100000| Untracked 
| 258|0x0000000090200000, 0x0000000090200000, 0x0000000090300000|  0%| F|  |TAMS 0x0000000090200000, 0x0000000090200000| Untracked 
| 259|0x0000000090300000, 0x0000000090300000, 0x0000000090400000|  0%| F|  |TAMS 0x0000000090300000, 0x0000000090300000| Untracked 
| 260|0x0000000090400000, 0x0000000090500000, 0x0000000090500000|100%| O|  |TAMS 0x0000000090500000, 0x0000000090400000| Untracked 
| 261|0x0000000090500000, 0x0000000090600000, 0x0000000090600000|100%| O|  |TAMS 0x0000000090600000, 0x0000000090500000| Untracked 
| 262|0x0000000090600000, 0x0000000090700000, 0x0000000090700000|100%| O|  |TAMS 0x0000000090700000, 0x0000000090600000| Complete 
| 263|0x0000000090700000, 0x0000000090800000, 0x0000000090800000|100%| O|  |TAMS 0x0000000090800000, 0x0000000090700000| Untracked 
| 264|0x0000000090800000, 0x0000000090900000, 0x0000000090900000|100%| O|  |TAMS 0x0000000090900000, 0x0000000090800000| Untracked 
| 265|0x0000000090900000, 0x0000000090a00000, 0x0000000090a00000|100%| O|  |TAMS 0x0000000090a00000, 0x0000000090900000| Untracked 
| 266|0x0000000090a00000, 0x0000000090b00000, 0x0000000090b00000|100%| O|  |TAMS 0x0000000090b00000, 0x0000000090a00000| Complete 
| 267|0x0000000090b00000, 0x0000000090c00000, 0x0000000090c00000|100%| O|  |TAMS 0x0000000090c00000, 0x0000000090b00000| Complete 
| 268|0x0000000090c00000, 0x0000000090d00000, 0x0000000090d00000|100%| O|  |TAMS 0x0000000090d00000, 0x0000000090c00000| Untracked 
| 269|0x0000000090d00000, 0x0000000090d00000, 0x0000000090e00000|  0%| F|  |TAMS 0x0000000090d00000, 0x0000000090d00000| Untracked 
| 270|0x0000000090e00000, 0x0000000090e00000, 0x0000000090f00000|  0%| F|  |TAMS 0x0000000090e00000, 0x0000000090e00000| Untracked 
| 271|0x0000000090f00000, 0x0000000091000000, 0x0000000091000000|100%| O|  |TAMS 0x0000000091000000, 0x0000000090f00000| Untracked 
| 272|0x0000000091000000, 0x0000000091100000, 0x0000000091100000|100%| O|  |TAMS 0x0000000091100000, 0x0000000091000000| Untracked 
| 273|0x0000000091100000, 0x0000000091200000, 0x0000000091200000|100%| O|  |TAMS 0x0000000091200000, 0x0000000091100000| Untracked 
| 274|0x0000000091200000, 0x0000000091300000, 0x0000000091300000|100%| O|  |TAMS 0x0000000091300000, 0x0000000091200000| Untracked 
| 275|0x0000000091300000, 0x0000000091400000, 0x0000000091400000|100%| O|  |TAMS 0x0000000091400000, 0x0000000091300000| Untracked 
| 276|0x0000000091400000, 0x0000000091500000, 0x0000000091500000|100%| O|  |TAMS 0x0000000091500000, 0x0000000091400000| Untracked 
| 277|0x0000000091500000, 0x0000000091600000, 0x0000000091600000|100%| O|  |TAMS 0x0000000091600000, 0x0000000091500000| Untracked 
| 278|0x0000000091600000, 0x0000000091700000, 0x0000000091700000|100%| O|  |TAMS 0x0000000091700000, 0x0000000091600000| Complete 
| 279|0x0000000091700000, 0x0000000091800000, 0x0000000091800000|100%| O|  |TAMS 0x0000000091800000, 0x0000000091700000| Complete 
| 280|0x0000000091800000, 0x0000000091900000, 0x0000000091900000|100%| O|  |TAMS 0x0000000091900000, 0x0000000091800000| Complete 
| 281|0x0000000091900000, 0x0000000091900000, 0x0000000091a00000|  0%| F|  |TAMS 0x0000000091900000, 0x0000000091900000| Untracked 
| 282|0x0000000091a00000, 0x0000000091a00000, 0x0000000091b00000|  0%| F|  |TAMS 0x0000000091a00000, 0x0000000091a00000| Untracked 
| 283|0x0000000091b00000, 0x0000000091c00000, 0x0000000091c00000|100%| O|  |TAMS 0x0000000091c00000, 0x0000000091b00000| Complete 
| 284|0x0000000091c00000, 0x0000000091d00000, 0x0000000091d00000|100%| O|  |TAMS 0x0000000091d00000, 0x0000000091c00000| Complete 
| 285|0x0000000091d00000, 0x0000000091e00000, 0x0000000091e00000|100%| O|  |TAMS 0x0000000091e00000, 0x0000000091d00000| Complete 
| 286|0x0000000091e00000, 0x0000000091f00000, 0x0000000091f00000|100%| O|  |TAMS 0x0000000091f00000, 0x0000000091e00000| Complete 
| 287|0x0000000091f00000, 0x0000000092000000, 0x0000000092000000|100%| O|  |TAMS 0x0000000092000000, 0x0000000091f00000| Untracked 
| 288|0x0000000092000000, 0x0000000092100000, 0x0000000092100000|100%| O|  |TAMS 0x0000000092100000, 0x0000000092000000| Untracked 
| 289|0x0000000092100000, 0x0000000092200000, 0x0000000092200000|100%| O|  |TAMS 0x0000000092200000, 0x0000000092100000| Untracked 
| 290|0x0000000092200000, 0x0000000092200000, 0x0000000092300000|  0%| F|  |TAMS 0x0000000092200000, 0x0000000092200000| Untracked 
| 291|0x0000000092300000, 0x0000000092300000, 0x0000000092400000|  0%| F|  |TAMS 0x0000000092300000, 0x0000000092300000| Untracked 
| 292|0x0000000092400000, 0x0000000092400000, 0x0000000092500000|  0%| F|  |TAMS 0x0000000092400000, 0x0000000092400000| Untracked 
| 293|0x0000000092500000, 0x0000000092500000, 0x0000000092600000|  0%| F|  |TAMS 0x0000000092500000, 0x0000000092500000| Untracked 
| 294|0x0000000092600000, 0x0000000092600000, 0x0000000092700000|  0%| F|  |TAMS 0x0000000092600000, 0x0000000092600000| Untracked 
| 295|0x0000000092700000, 0x0000000092700000, 0x0000000092800000|  0%| F|  |TAMS 0x0000000092700000, 0x0000000092700000| Untracked 
| 296|0x0000000092800000, 0x0000000092800000, 0x0000000092900000|  0%| F|  |TAMS 0x0000000092800000, 0x0000000092800000| Untracked 
| 297|0x0000000092900000, 0x0000000092900000, 0x0000000092a00000|  0%| F|  |TAMS 0x0000000092900000, 0x0000000092900000| Untracked 
| 298|0x0000000092a00000, 0x0000000092a00000, 0x0000000092b00000|  0%| F|  |TAMS 0x0000000092a00000, 0x0000000092a00000| Untracked 
| 299|0x0000000092b00000, 0x0000000092b00000, 0x0000000092c00000|  0%| F|  |TAMS 0x0000000092b00000, 0x0000000092b00000| Untracked 
| 300|0x0000000092c00000, 0x0000000092c00000, 0x0000000092d00000|  0%| F|  |TAMS 0x0000000092c00000, 0x0000000092c00000| Untracked 
| 301|0x0000000092d00000, 0x0000000092d00000, 0x0000000092e00000|  0%| F|  |TAMS 0x0000000092d00000, 0x0000000092d00000| Untracked 
| 302|0x0000000092e00000, 0x0000000092e00000, 0x0000000092f00000|  0%| F|  |TAMS 0x0000000092e00000, 0x0000000092e00000| Untracked 
| 303|0x0000000092f00000, 0x0000000092f00000, 0x0000000093000000|  0%| F|  |TAMS 0x0000000092f00000, 0x0000000092f00000| Untracked 
| 304|0x0000000093000000, 0x0000000093000000, 0x0000000093100000|  0%| F|  |TAMS 0x0000000093000000, 0x0000000093000000| Untracked 
| 305|0x0000000093100000, 0x0000000093100000, 0x0000000093200000|  0%| F|  |TAMS 0x0000000093100000, 0x0000000093100000| Untracked 
| 306|0x0000000093200000, 0x0000000093200000, 0x0000000093300000|  0%| F|  |TAMS 0x0000000093200000, 0x0000000093200000| Untracked 
| 307|0x0000000093300000, 0x0000000093300000, 0x0000000093400000|  0%| F|  |TAMS 0x0000000093300000, 0x0000000093300000| Untracked 
| 308|0x0000000093400000, 0x0000000093400000, 0x0000000093500000|  0%| F|  |TAMS 0x0000000093400000, 0x0000000093400000| Untracked 
| 309|0x0000000093500000, 0x0000000093500000, 0x0000000093600000|  0%| F|  |TAMS 0x0000000093500000, 0x0000000093500000| Untracked 
| 310|0x0000000093600000, 0x0000000093600000, 0x0000000093700000|  0%| F|  |TAMS 0x0000000093600000, 0x0000000093600000| Untracked 
| 311|0x0000000093700000, 0x0000000093700000, 0x0000000093800000|  0%| F|  |TAMS 0x0000000093700000, 0x0000000093700000| Untracked 
| 312|0x0000000093800000, 0x0000000093800000, 0x0000000093900000|  0%| F|  |TAMS 0x0000000093800000, 0x0000000093800000| Untracked 
| 313|0x0000000093900000, 0x0000000093900000, 0x0000000093a00000|  0%| F|  |TAMS 0x0000000093900000, 0x0000000093900000| Untracked 
| 314|0x0000000093a00000, 0x0000000093a00000, 0x0000000093b00000|  0%| F|  |TAMS 0x0000000093a00000, 0x0000000093a00000| Untracked 
| 315|0x0000000093b00000, 0x0000000093b00000, 0x0000000093c00000|  0%| F|  |TAMS 0x0000000093b00000, 0x0000000093b00000| Untracked 
| 316|0x0000000093c00000, 0x0000000093c00000, 0x0000000093d00000|  0%| F|  |TAMS 0x0000000093c00000, 0x0000000093c00000| Untracked 
| 317|0x0000000093d00000, 0x0000000093d00000, 0x0000000093e00000|  0%| F|  |TAMS 0x0000000093d00000, 0x0000000093d00000| Untracked 
| 318|0x0000000093e00000, 0x0000000093e00000, 0x0000000093f00000|  0%| F|  |TAMS 0x0000000093e00000, 0x0000000093e00000| Untracked 
| 319|0x0000000093f00000, 0x0000000093f00000, 0x0000000094000000|  0%| F|  |TAMS 0x0000000093f00000, 0x0000000093f00000| Untracked 
| 320|0x0000000094000000, 0x0000000094000000, 0x0000000094100000|  0%| F|  |TAMS 0x0000000094000000, 0x0000000094000000| Untracked 
| 321|0x0000000094100000, 0x0000000094100000, 0x0000000094200000|  0%| F|  |TAMS 0x0000000094100000, 0x0000000094100000| Untracked 
| 322|0x0000000094200000, 0x0000000094200000, 0x0000000094300000|  0%| F|  |TAMS 0x0000000094200000, 0x0000000094200000| Untracked 
| 323|0x0000000094300000, 0x0000000094300000, 0x0000000094400000|  0%| F|  |TAMS 0x0000000094300000, 0x0000000094300000| Untracked 
| 324|0x0000000094400000, 0x0000000094400000, 0x0000000094500000|  0%| F|  |TAMS 0x0000000094400000, 0x0000000094400000| Untracked 
| 325|0x0000000094500000, 0x0000000094500000, 0x0000000094600000|  0%| F|  |TAMS 0x0000000094500000, 0x0000000094500000| Untracked 
| 326|0x0000000094600000, 0x0000000094600000, 0x0000000094700000|  0%| F|  |TAMS 0x0000000094600000, 0x0000000094600000| Untracked 
| 327|0x0000000094700000, 0x0000000094700000, 0x0000000094800000|  0%| F|  |TAMS 0x0000000094700000, 0x0000000094700000| Untracked 
| 328|0x0000000094800000, 0x0000000094800000, 0x0000000094900000|  0%| F|  |TAMS 0x0000000094800000, 0x0000000094800000| Untracked 
| 329|0x0000000094900000, 0x0000000094900000, 0x0000000094a00000|  0%| F|  |TAMS 0x0000000094900000, 0x0000000094900000| Untracked 
| 330|0x0000000094a00000, 0x0000000094a00000, 0x0000000094b00000|  0%| F|  |TAMS 0x0000000094a00000, 0x0000000094a00000| Untracked 
| 331|0x0000000094b00000, 0x0000000094b00000, 0x0000000094c00000|  0%| F|  |TAMS 0x0000000094b00000, 0x0000000094b00000| Untracked 
| 332|0x0000000094c00000, 0x0000000094c00000, 0x0000000094d00000|  0%| F|  |TAMS 0x0000000094c00000, 0x0000000094c00000| Untracked 
| 333|0x0000000094d00000, 0x0000000094d00000, 0x0000000094e00000|  0%| F|  |TAMS 0x0000000094d00000, 0x0000000094d00000| Untracked 
| 334|0x0000000094e00000, 0x0000000094e00000, 0x0000000094f00000|  0%| F|  |TAMS 0x0000000094e00000, 0x0000000094e00000| Untracked 
| 335|0x0000000094f00000, 0x0000000094f00000, 0x0000000095000000|  0%| F|  |TAMS 0x0000000094f00000, 0x0000000094f00000| Untracked 
| 336|0x0000000095000000, 0x0000000095000000, 0x0000000095100000|  0%| F|  |TAMS 0x0000000095000000, 0x0000000095000000| Untracked 
| 337|0x0000000095100000, 0x0000000095100000, 0x0000000095200000|  0%| F|  |TAMS 0x0000000095100000, 0x0000000095100000| Untracked 
| 338|0x0000000095200000, 0x0000000095200000, 0x0000000095300000|  0%| F|  |TAMS 0x0000000095200000, 0x0000000095200000| Untracked 
| 339|0x0000000095300000, 0x0000000095300000, 0x0000000095400000|  0%| F|  |TAMS 0x0000000095300000, 0x0000000095300000| Untracked 
| 340|0x0000000095400000, 0x0000000095400000, 0x0000000095500000|  0%| F|  |TAMS 0x0000000095400000, 0x0000000095400000| Untracked 
| 341|0x0000000095500000, 0x0000000095500000, 0x0000000095600000|  0%| F|  |TAMS 0x0000000095500000, 0x0000000095500000| Untracked 
| 342|0x0000000095600000, 0x0000000095600000, 0x0000000095700000|  0%| F|  |TAMS 0x0000000095600000, 0x0000000095600000| Untracked 
| 343|0x0000000095700000, 0x0000000095700000, 0x0000000095800000|  0%| F|  |TAMS 0x0000000095700000, 0x0000000095700000| Untracked 
| 344|0x0000000095800000, 0x0000000095800000, 0x0000000095900000|  0%| F|  |TAMS 0x0000000095800000, 0x0000000095800000| Untracked 
| 345|0x0000000095900000, 0x0000000095900000, 0x0000000095a00000|  0%| F|  |TAMS 0x0000000095900000, 0x0000000095900000| Untracked 
| 346|0x0000000095a00000, 0x0000000095a00000, 0x0000000095b00000|  0%| F|  |TAMS 0x0000000095a00000, 0x0000000095a00000| Untracked 
| 347|0x0000000095b00000, 0x0000000095b00000, 0x0000000095c00000|  0%| F|  |TAMS 0x0000000095b00000, 0x0000000095b00000| Untracked 
| 348|0x0000000095c00000, 0x0000000095c00000, 0x0000000095d00000|  0%| F|  |TAMS 0x0000000095c00000, 0x0000000095c00000| Untracked 
| 349|0x0000000095d00000, 0x0000000095d00000, 0x0000000095e00000|  0%| F|  |TAMS 0x0000000095d00000, 0x0000000095d00000| Untracked 
| 350|0x0000000095e00000, 0x0000000095e00000, 0x0000000095f00000|  0%| F|  |TAMS 0x0000000095e00000, 0x0000000095e00000| Untracked 
| 351|0x0000000095f00000, 0x0000000095f00000, 0x0000000096000000|  0%| F|  |TAMS 0x0000000095f00000, 0x0000000095f00000| Untracked 
| 352|0x0000000096000000, 0x0000000096000000, 0x0000000096100000|  0%| F|  |TAMS 0x0000000096000000, 0x0000000096000000| Untracked 
| 353|0x0000000096100000, 0x0000000096100000, 0x0000000096200000|  0%| F|  |TAMS 0x0000000096100000, 0x0000000096100000| Untracked 
| 354|0x0000000096200000, 0x0000000096200000, 0x0000000096300000|  0%| F|  |TAMS 0x0000000096200000, 0x0000000096200000| Untracked 
| 355|0x0000000096300000, 0x0000000096300000, 0x0000000096400000|  0%| F|  |TAMS 0x0000000096300000, 0x0000000096300000| Untracked 
| 356|0x0000000096400000, 0x0000000096400000, 0x0000000096500000|  0%| F|  |TAMS 0x0000000096400000, 0x0000000096400000| Untracked 
| 357|0x0000000096500000, 0x0000000096500000, 0x0000000096600000|  0%| F|  |TAMS 0x0000000096500000, 0x0000000096500000| Untracked 
| 358|0x0000000096600000, 0x0000000096600000, 0x0000000096700000|  0%| F|  |TAMS 0x0000000096600000, 0x0000000096600000| Untracked 
| 359|0x0000000096700000, 0x0000000096700000, 0x0000000096800000|  0%| F|  |TAMS 0x0000000096700000, 0x0000000096700000| Untracked 
| 360|0x0000000096800000, 0x0000000096800000, 0x0000000096900000|  0%| F|  |TAMS 0x0000000096800000, 0x0000000096800000| Untracked 
| 361|0x0000000096900000, 0x0000000096900000, 0x0000000096a00000|  0%| F|  |TAMS 0x0000000096900000, 0x0000000096900000| Untracked 
| 362|0x0000000096a00000, 0x0000000096a00000, 0x0000000096b00000|  0%| F|  |TAMS 0x0000000096a00000, 0x0000000096a00000| Untracked 
| 363|0x0000000096b00000, 0x0000000096b00000, 0x0000000096c00000|  0%| F|  |TAMS 0x0000000096b00000, 0x0000000096b00000| Untracked 
| 364|0x0000000096c00000, 0x0000000096c00000, 0x0000000096d00000|  0%| F|  |TAMS 0x0000000096c00000, 0x0000000096c00000| Untracked 
| 365|0x0000000096d00000, 0x0000000096d00000, 0x0000000096e00000|  0%| F|  |TAMS 0x0000000096d00000, 0x0000000096d00000| Untracked 
| 366|0x0000000096e00000, 0x0000000096e88310, 0x0000000096f00000| 53%| S|CS|TAMS 0x0000000096e00000, 0x0000000096e00000| Complete 
| 367|0x0000000096f00000, 0x0000000097000000, 0x0000000097000000|100%| S|CS|TAMS 0x0000000096f00000, 0x0000000096f00000| Complete 
| 368|0x0000000097000000, 0x0000000097100000, 0x0000000097100000|100%| S|CS|TAMS 0x0000000097000000, 0x0000000097000000| Complete 
| 369|0x0000000097100000, 0x0000000097100000, 0x0000000097200000|  0%| F|  |TAMS 0x0000000097100000, 0x0000000097100000| Untracked 
| 370|0x0000000097200000, 0x0000000097200000, 0x0000000097300000|  0%| F|  |TAMS 0x0000000097200000, 0x0000000097200000| Untracked 
| 371|0x0000000097300000, 0x0000000097300000, 0x0000000097400000|  0%| F|  |TAMS 0x0000000097300000, 0x0000000097300000| Untracked 
| 372|0x0000000097400000, 0x0000000097400000, 0x0000000097500000|  0%| F|  |TAMS 0x0000000097400000, 0x0000000097400000| Untracked 
| 373|0x0000000097500000, 0x0000000097500000, 0x0000000097600000|  0%| F|  |TAMS 0x0000000097500000, 0x0000000097500000| Untracked 
| 374|0x0000000097600000, 0x0000000097600000, 0x0000000097700000|  0%| F|  |TAMS 0x0000000097600000, 0x0000000097600000| Untracked 
| 375|0x0000000097700000, 0x0000000097700000, 0x0000000097800000|  0%| F|  |TAMS 0x0000000097700000, 0x0000000097700000| Untracked 
| 376|0x0000000097800000, 0x0000000097800000, 0x0000000097900000|  0%| F|  |TAMS 0x0000000097800000, 0x0000000097800000| Untracked 
| 377|0x0000000097900000, 0x0000000097900000, 0x0000000097a00000|  0%| F|  |TAMS 0x0000000097900000, 0x0000000097900000| Untracked 
| 378|0x0000000097a00000, 0x0000000097a00000, 0x0000000097b00000|  0%| F|  |TAMS 0x0000000097a00000, 0x0000000097a00000| Untracked 
| 379|0x0000000097b00000, 0x0000000097b00000, 0x0000000097c00000|  0%| F|  |TAMS 0x0000000097b00000, 0x0000000097b00000| Untracked 
| 380|0x0000000097c00000, 0x0000000097c00000, 0x0000000097d00000|  0%| F|  |TAMS 0x0000000097c00000, 0x0000000097c00000| Untracked 
| 381|0x0000000097d00000, 0x0000000097d00000, 0x0000000097e00000|  0%| F|  |TAMS 0x0000000097d00000, 0x0000000097d00000| Untracked 
| 382|0x0000000097e00000, 0x0000000097e00000, 0x0000000097f00000|  0%| F|  |TAMS 0x0000000097e00000, 0x0000000097e00000| Untracked 
| 383|0x0000000097f00000, 0x0000000097f00000, 0x0000000098000000|  0%| F|  |TAMS 0x0000000097f00000, 0x0000000097f00000| Untracked 
| 384|0x0000000098000000, 0x0000000098000000, 0x0000000098100000|  0%| F|  |TAMS 0x0000000098000000, 0x0000000098000000| Untracked 
| 385|0x0000000098100000, 0x0000000098100000, 0x0000000098200000|  0%| F|  |TAMS 0x0000000098100000, 0x0000000098100000| Untracked 
| 386|0x0000000098200000, 0x0000000098200000, 0x0000000098300000|  0%| F|  |TAMS 0x0000000098200000, 0x0000000098200000| Untracked 
| 387|0x0000000098300000, 0x0000000098300000, 0x0000000098400000|  0%| F|  |TAMS 0x0000000098300000, 0x0000000098300000| Untracked 
| 388|0x0000000098400000, 0x0000000098400000, 0x0000000098500000|  0%| F|  |TAMS 0x0000000098400000, 0x0000000098400000| Untracked 
| 389|0x0000000098500000, 0x0000000098500000, 0x0000000098600000|  0%| F|  |TAMS 0x0000000098500000, 0x0000000098500000| Untracked 
| 390|0x0000000098600000, 0x0000000098600000, 0x0000000098700000|  0%| F|  |TAMS 0x0000000098600000, 0x0000000098600000| Untracked 
| 391|0x0000000098700000, 0x0000000098700000, 0x0000000098800000|  0%| F|  |TAMS 0x0000000098700000, 0x0000000098700000| Untracked 
| 392|0x0000000098800000, 0x0000000098800000, 0x0000000098900000|  0%| F|  |TAMS 0x0000000098800000, 0x0000000098800000| Untracked 
| 393|0x0000000098900000, 0x0000000098900000, 0x0000000098a00000|  0%| F|  |TAMS 0x0000000098900000, 0x0000000098900000| Untracked 
| 394|0x0000000098a00000, 0x0000000098a00000, 0x0000000098b00000|  0%| F|  |TAMS 0x0000000098a00000, 0x0000000098a00000| Untracked 
| 395|0x0000000098b00000, 0x0000000098b00000, 0x0000000098c00000|  0%| F|  |TAMS 0x0000000098b00000, 0x0000000098b00000| Untracked 
| 396|0x0000000098c00000, 0x0000000098c00000, 0x0000000098d00000|  0%| F|  |TAMS 0x0000000098c00000, 0x0000000098c00000| Untracked 
| 397|0x0000000098d00000, 0x0000000098d00000, 0x0000000098e00000|  0%| F|  |TAMS 0x0000000098d00000, 0x0000000098d00000| Untracked 
| 398|0x0000000098e00000, 0x0000000098e00000, 0x0000000098f00000|  0%| F|  |TAMS 0x0000000098e00000, 0x0000000098e00000| Untracked 
| 399|0x0000000098f00000, 0x0000000098f00000, 0x0000000099000000|  0%| F|  |TAMS 0x0000000098f00000, 0x0000000098f00000| Untracked 
| 400|0x0000000099000000, 0x0000000099000000, 0x0000000099100000|  0%| F|  |TAMS 0x0000000099000000, 0x0000000099000000| Untracked 
| 401|0x0000000099100000, 0x0000000099100000, 0x0000000099200000|  0%| F|  |TAMS 0x0000000099100000, 0x0000000099100000| Untracked 
| 402|0x0000000099200000, 0x0000000099200000, 0x0000000099300000|  0%| F|  |TAMS 0x0000000099200000, 0x0000000099200000| Untracked 
| 403|0x0000000099300000, 0x0000000099300000, 0x0000000099400000|  0%| F|  |TAMS 0x0000000099300000, 0x0000000099300000| Untracked 
| 404|0x0000000099400000, 0x0000000099400000, 0x0000000099500000|  0%| F|  |TAMS 0x0000000099400000, 0x0000000099400000| Untracked 
| 405|0x0000000099500000, 0x0000000099500000, 0x0000000099600000|  0%| F|  |TAMS 0x0000000099500000, 0x0000000099500000| Untracked 
| 406|0x0000000099600000, 0x0000000099600000, 0x0000000099700000|  0%| F|  |TAMS 0x0000000099600000, 0x0000000099600000| Untracked 
| 407|0x0000000099700000, 0x0000000099700000, 0x0000000099800000|  0%| F|  |TAMS 0x0000000099700000, 0x0000000099700000| Untracked 
| 408|0x0000000099800000, 0x0000000099800000, 0x0000000099900000|  0%| F|  |TAMS 0x0000000099800000, 0x0000000099800000| Untracked 
| 409|0x0000000099900000, 0x0000000099900000, 0x0000000099a00000|  0%| F|  |TAMS 0x0000000099900000, 0x0000000099900000| Untracked 
| 410|0x0000000099a00000, 0x0000000099a00000, 0x0000000099b00000|  0%| F|  |TAMS 0x0000000099a00000, 0x0000000099a00000| Untracked 
| 411|0x0000000099b00000, 0x0000000099b00000, 0x0000000099c00000|  0%| F|  |TAMS 0x0000000099b00000, 0x0000000099b00000| Untracked 
| 412|0x0000000099c00000, 0x0000000099c00000, 0x0000000099d00000|  0%| F|  |TAMS 0x0000000099c00000, 0x0000000099c00000| Untracked 
| 413|0x0000000099d00000, 0x0000000099d00000, 0x0000000099e00000|  0%| F|  |TAMS 0x0000000099d00000, 0x0000000099d00000| Untracked 
| 414|0x0000000099e00000, 0x0000000099e00000, 0x0000000099f00000|  0%| F|  |TAMS 0x0000000099e00000, 0x0000000099e00000| Untracked 
| 415|0x0000000099f00000, 0x0000000099f00000, 0x000000009a000000|  0%| F|  |TAMS 0x0000000099f00000, 0x0000000099f00000| Untracked 
| 416|0x000000009a000000, 0x000000009a000000, 0x000000009a100000|  0%| F|  |TAMS 0x000000009a000000, 0x000000009a000000| Untracked 
| 417|0x000000009a100000, 0x000000009a100000, 0x000000009a200000|  0%| F|  |TAMS 0x000000009a100000, 0x000000009a100000| Untracked 
| 418|0x000000009a200000, 0x000000009a200000, 0x000000009a300000|  0%| F|  |TAMS 0x000000009a200000, 0x000000009a200000| Untracked 
| 419|0x000000009a300000, 0x000000009a300000, 0x000000009a400000|  0%| F|  |TAMS 0x000000009a300000, 0x000000009a300000| Untracked 
| 420|0x000000009a400000, 0x000000009a400000, 0x000000009a500000|  0%| F|  |TAMS 0x000000009a400000, 0x000000009a400000| Untracked 
| 421|0x000000009a500000, 0x000000009a500000, 0x000000009a600000|  0%| F|  |TAMS 0x000000009a500000, 0x000000009a500000| Untracked 
| 422|0x000000009a600000, 0x000000009a600000, 0x000000009a700000|  0%| F|  |TAMS 0x000000009a600000, 0x000000009a600000| Untracked 
| 423|0x000000009a700000, 0x000000009a700000, 0x000000009a800000|  0%| F|  |TAMS 0x000000009a700000, 0x000000009a700000| Untracked 
| 424|0x000000009a800000, 0x000000009a800000, 0x000000009a900000|  0%| F|  |TAMS 0x000000009a800000, 0x000000009a800000| Untracked 
| 425|0x000000009a900000, 0x000000009a900000, 0x000000009aa00000|  0%| F|  |TAMS 0x000000009a900000, 0x000000009a900000| Untracked 
| 426|0x000000009aa00000, 0x000000009aa00000, 0x000000009ab00000|  0%| F|  |TAMS 0x000000009aa00000, 0x000000009aa00000| Untracked 
| 427|0x000000009ab00000, 0x000000009ab00000, 0x000000009ac00000|  0%| F|  |TAMS 0x000000009ab00000, 0x000000009ab00000| Untracked 
| 428|0x000000009ac00000, 0x000000009ac00000, 0x000000009ad00000|  0%| F|  |TAMS 0x000000009ac00000, 0x000000009ac00000| Untracked 
| 429|0x000000009ad00000, 0x000000009ad00000, 0x000000009ae00000|  0%| F|  |TAMS 0x000000009ad00000, 0x000000009ad00000| Untracked 
| 430|0x000000009ae00000, 0x000000009ae00000, 0x000000009af00000|  0%| F|  |TAMS 0x000000009ae00000, 0x000000009ae00000| Untracked 
| 431|0x000000009af00000, 0x000000009af00000, 0x000000009b000000|  0%| F|  |TAMS 0x000000009af00000, 0x000000009af00000| Untracked 
| 432|0x000000009b000000, 0x000000009b000000, 0x000000009b100000|  0%| F|  |TAMS 0x000000009b000000, 0x000000009b000000| Untracked 
| 433|0x000000009b100000, 0x000000009b100000, 0x000000009b200000|  0%| F|  |TAMS 0x000000009b100000, 0x000000009b100000| Untracked 
| 434|0x000000009b200000, 0x000000009b200000, 0x000000009b300000|  0%| F|  |TAMS 0x000000009b200000, 0x000000009b200000| Untracked 
| 435|0x000000009b300000, 0x000000009b300000, 0x000000009b400000|  0%| F|  |TAMS 0x000000009b300000, 0x000000009b300000| Untracked 
| 436|0x000000009b400000, 0x000000009b400000, 0x000000009b500000|  0%| F|  |TAMS 0x000000009b400000, 0x000000009b400000| Untracked 
| 437|0x000000009b500000, 0x000000009b500000, 0x000000009b600000|  0%| F|  |TAMS 0x000000009b500000, 0x000000009b500000| Untracked 
| 438|0x000000009b600000, 0x000000009b600000, 0x000000009b700000|  0%| F|  |TAMS 0x000000009b600000, 0x000000009b600000| Untracked 
| 439|0x000000009b700000, 0x000000009b700000, 0x000000009b800000|  0%| F|  |TAMS 0x000000009b700000, 0x000000009b700000| Untracked 
| 440|0x000000009b800000, 0x000000009b800000, 0x000000009b900000|  0%| F|  |TAMS 0x000000009b800000, 0x000000009b800000| Untracked 
| 441|0x000000009b900000, 0x000000009b900000, 0x000000009ba00000|  0%| F|  |TAMS 0x000000009b900000, 0x000000009b900000| Untracked 
| 442|0x000000009ba00000, 0x000000009ba00000, 0x000000009bb00000|  0%| F|  |TAMS 0x000000009ba00000, 0x000000009ba00000| Untracked 
| 443|0x000000009bb00000, 0x000000009bb00000, 0x000000009bc00000|  0%| F|  |TAMS 0x000000009bb00000, 0x000000009bb00000| Untracked 
| 444|0x000000009bc00000, 0x000000009bc00000, 0x000000009bd00000|  0%| F|  |TAMS 0x000000009bc00000, 0x000000009bc00000| Untracked 
| 445|0x000000009bd00000, 0x000000009bd00000, 0x000000009be00000|  0%| F|  |TAMS 0x000000009bd00000, 0x000000009bd00000| Untracked 
| 446|0x000000009be00000, 0x000000009be00000, 0x000000009bf00000|  0%| F|  |TAMS 0x000000009be00000, 0x000000009be00000| Untracked 
| 447|0x000000009bf00000, 0x000000009bf00000, 0x000000009c000000|  0%| F|  |TAMS 0x000000009bf00000, 0x000000009bf00000| Untracked 
| 448|0x000000009c000000, 0x000000009c000000, 0x000000009c100000|  0%| F|  |TAMS 0x000000009c000000, 0x000000009c000000| Untracked 
| 449|0x000000009c100000, 0x000000009c100000, 0x000000009c200000|  0%| F|  |TAMS 0x000000009c100000, 0x000000009c100000| Untracked 
| 450|0x000000009c200000, 0x000000009c200000, 0x000000009c300000|  0%| F|  |TAMS 0x000000009c200000, 0x000000009c200000| Untracked 
| 451|0x000000009c300000, 0x000000009c300000, 0x000000009c400000|  0%| F|  |TAMS 0x000000009c300000, 0x000000009c300000| Untracked 
| 452|0x000000009c400000, 0x000000009c400000, 0x000000009c500000|  0%| F|  |TAMS 0x000000009c400000, 0x000000009c400000| Untracked 
| 453|0x000000009c500000, 0x000000009c500000, 0x000000009c600000|  0%| F|  |TAMS 0x000000009c500000, 0x000000009c500000| Untracked 
| 454|0x000000009c600000, 0x000000009c600000, 0x000000009c700000|  0%| F|  |TAMS 0x000000009c600000, 0x000000009c600000| Untracked 
| 455|0x000000009c700000, 0x000000009c700000, 0x000000009c800000|  0%| F|  |TAMS 0x000000009c700000, 0x000000009c700000| Untracked 
| 456|0x000000009c800000, 0x000000009c800000, 0x000000009c900000|  0%| F|  |TAMS 0x000000009c800000, 0x000000009c800000| Untracked 
| 457|0x000000009c900000, 0x000000009c900000, 0x000000009ca00000|  0%| F|  |TAMS 0x000000009c900000, 0x000000009c900000| Untracked 
| 458|0x000000009ca00000, 0x000000009ca00000, 0x000000009cb00000|  0%| F|  |TAMS 0x000000009ca00000, 0x000000009ca00000| Untracked 
| 459|0x000000009cb00000, 0x000000009cb00000, 0x000000009cc00000|  0%| F|  |TAMS 0x000000009cb00000, 0x000000009cb00000| Untracked 
| 460|0x000000009cc00000, 0x000000009cc00000, 0x000000009cd00000|  0%| F|  |TAMS 0x000000009cc00000, 0x000000009cc00000| Untracked 
| 461|0x000000009cd00000, 0x000000009cd00000, 0x000000009ce00000|  0%| F|  |TAMS 0x000000009cd00000, 0x000000009cd00000| Untracked 
| 462|0x000000009ce00000, 0x000000009ce00000, 0x000000009cf00000|  0%| F|  |TAMS 0x000000009ce00000, 0x000000009ce00000| Untracked 
| 463|0x000000009cf00000, 0x000000009cf00000, 0x000000009d000000|  0%| F|  |TAMS 0x000000009cf00000, 0x000000009cf00000| Untracked 
| 464|0x000000009d000000, 0x000000009d000000, 0x000000009d100000|  0%| F|  |TAMS 0x000000009d000000, 0x000000009d000000| Untracked 
| 465|0x000000009d100000, 0x000000009d100000, 0x000000009d200000|  0%| F|  |TAMS 0x000000009d100000, 0x000000009d100000| Untracked 
| 466|0x000000009d200000, 0x000000009d200000, 0x000000009d300000|  0%| F|  |TAMS 0x000000009d200000, 0x000000009d200000| Untracked 
| 467|0x000000009d300000, 0x000000009d300000, 0x000000009d400000|  0%| F|  |TAMS 0x000000009d300000, 0x000000009d300000| Untracked 
| 468|0x000000009d400000, 0x000000009d400000, 0x000000009d500000|  0%| F|  |TAMS 0x000000009d400000, 0x000000009d400000| Untracked 
| 469|0x000000009d500000, 0x000000009d500000, 0x000000009d600000|  0%| F|  |TAMS 0x000000009d500000, 0x000000009d500000| Untracked 
| 470|0x000000009d600000, 0x000000009d600000, 0x000000009d700000|  0%| F|  |TAMS 0x000000009d600000, 0x000000009d600000| Untracked 
| 471|0x000000009d700000, 0x000000009d700000, 0x000000009d800000|  0%| F|  |TAMS 0x000000009d700000, 0x000000009d700000| Untracked 
| 472|0x000000009d800000, 0x000000009d800000, 0x000000009d900000|  0%| F|  |TAMS 0x000000009d800000, 0x000000009d800000| Untracked 
| 473|0x000000009d900000, 0x000000009d900000, 0x000000009da00000|  0%| F|  |TAMS 0x000000009d900000, 0x000000009d900000| Untracked 
| 474|0x000000009da00000, 0x000000009da00000, 0x000000009db00000|  0%| F|  |TAMS 0x000000009da00000, 0x000000009da00000| Untracked 
| 475|0x000000009db00000, 0x000000009db00000, 0x000000009dc00000|  0%| F|  |TAMS 0x000000009db00000, 0x000000009db00000| Untracked 
| 476|0x000000009dc00000, 0x000000009dc00000, 0x000000009dd00000|  0%| F|  |TAMS 0x000000009dc00000, 0x000000009dc00000| Untracked 
| 477|0x000000009dd00000, 0x000000009dd00000, 0x000000009de00000|  0%| F|  |TAMS 0x000000009dd00000, 0x000000009dd00000| Untracked 
| 478|0x000000009de00000, 0x000000009de00000, 0x000000009df00000|  0%| F|  |TAMS 0x000000009de00000, 0x000000009de00000| Untracked 
| 479|0x000000009df00000, 0x000000009df00000, 0x000000009e000000|  0%| F|  |TAMS 0x000000009df00000, 0x000000009df00000| Untracked 
| 480|0x000000009e000000, 0x000000009e000000, 0x000000009e100000|  0%| F|  |TAMS 0x000000009e000000, 0x000000009e000000| Untracked 
| 481|0x000000009e100000, 0x000000009e100000, 0x000000009e200000|  0%| F|  |TAMS 0x000000009e100000, 0x000000009e100000| Untracked 
| 482|0x000000009e200000, 0x000000009e200000, 0x000000009e300000|  0%| F|  |TAMS 0x000000009e200000, 0x000000009e200000| Untracked 
| 483|0x000000009e300000, 0x000000009e300000, 0x000000009e400000|  0%| F|  |TAMS 0x000000009e300000, 0x000000009e300000| Untracked 
| 484|0x000000009e400000, 0x000000009e400000, 0x000000009e500000|  0%| F|  |TAMS 0x000000009e400000, 0x000000009e400000| Untracked 
| 485|0x000000009e500000, 0x000000009e500000, 0x000000009e600000|  0%| F|  |TAMS 0x000000009e500000, 0x000000009e500000| Untracked 
| 486|0x000000009e600000, 0x000000009e600000, 0x000000009e700000|  0%| F|  |TAMS 0x000000009e600000, 0x000000009e600000| Untracked 
| 487|0x000000009e700000, 0x000000009e700000, 0x000000009e800000|  0%| F|  |TAMS 0x000000009e700000, 0x000000009e700000| Untracked 
| 488|0x000000009e800000, 0x000000009e800000, 0x000000009e900000|  0%| F|  |TAMS 0x000000009e800000, 0x000000009e800000| Untracked 
| 489|0x000000009e900000, 0x000000009e900000, 0x000000009ea00000|  0%| F|  |TAMS 0x000000009e900000, 0x000000009e900000| Untracked 
| 490|0x000000009ea00000, 0x000000009ea00000, 0x000000009eb00000|  0%| F|  |TAMS 0x000000009ea00000, 0x000000009ea00000| Untracked 
| 491|0x000000009eb00000, 0x000000009eb00000, 0x000000009ec00000|  0%| F|  |TAMS 0x000000009eb00000, 0x000000009eb00000| Untracked 
| 492|0x000000009ec00000, 0x000000009ec00000, 0x000000009ed00000|  0%| F|  |TAMS 0x000000009ec00000, 0x000000009ec00000| Untracked 
| 493|0x000000009ed00000, 0x000000009ed00000, 0x000000009ee00000|  0%| F|  |TAMS 0x000000009ed00000, 0x000000009ed00000| Untracked 
| 494|0x000000009ee00000, 0x000000009ee00000, 0x000000009ef00000|  0%| F|  |TAMS 0x000000009ee00000, 0x000000009ee00000| Untracked 
| 495|0x000000009ef00000, 0x000000009ef00000, 0x000000009f000000|  0%| F|  |TAMS 0x000000009ef00000, 0x000000009ef00000| Untracked 
| 496|0x000000009f000000, 0x000000009f000000, 0x000000009f100000|  0%| F|  |TAMS 0x000000009f000000, 0x000000009f000000| Untracked 
| 497|0x000000009f100000, 0x000000009f100000, 0x000000009f200000|  0%| F|  |TAMS 0x000000009f100000, 0x000000009f100000| Untracked 
| 498|0x000000009f200000, 0x000000009f200000, 0x000000009f300000|  0%| F|  |TAMS 0x000000009f200000, 0x000000009f200000| Untracked 
| 499|0x000000009f300000, 0x000000009f300000, 0x000000009f400000|  0%| F|  |TAMS 0x000000009f300000, 0x000000009f300000| Untracked 
| 500|0x000000009f400000, 0x000000009f400000, 0x000000009f500000|  0%| F|  |TAMS 0x000000009f400000, 0x000000009f400000| Untracked 
| 501|0x000000009f500000, 0x000000009f500000, 0x000000009f600000|  0%| F|  |TAMS 0x000000009f500000, 0x000000009f500000| Untracked 
| 502|0x000000009f600000, 0x000000009f600000, 0x000000009f700000|  0%| F|  |TAMS 0x000000009f600000, 0x000000009f600000| Untracked 
| 503|0x000000009f700000, 0x000000009f700000, 0x000000009f800000|  0%| F|  |TAMS 0x000000009f700000, 0x000000009f700000| Untracked 
| 504|0x000000009f800000, 0x000000009f800000, 0x000000009f900000|  0%| F|  |TAMS 0x000000009f800000, 0x000000009f800000| Untracked 
| 505|0x000000009f900000, 0x000000009f900000, 0x000000009fa00000|  0%| F|  |TAMS 0x000000009f900000, 0x000000009f900000| Untracked 
| 506|0x000000009fa00000, 0x000000009fa00000, 0x000000009fb00000|  0%| F|  |TAMS 0x000000009fa00000, 0x000000009fa00000| Untracked 
| 507|0x000000009fb00000, 0x000000009fb00000, 0x000000009fc00000|  0%| F|  |TAMS 0x000000009fb00000, 0x000000009fb00000| Untracked 
| 508|0x000000009fc00000, 0x000000009fc00000, 0x000000009fd00000|  0%| F|  |TAMS 0x000000009fc00000, 0x000000009fc00000| Untracked 
| 509|0x000000009fd00000, 0x000000009fd00000, 0x000000009fe00000|  0%| F|  |TAMS 0x000000009fd00000, 0x000000009fd00000| Untracked 
| 510|0x000000009fe00000, 0x000000009fe00000, 0x000000009ff00000|  0%| F|  |TAMS 0x000000009fe00000, 0x000000009fe00000| Untracked 
| 511|0x000000009ff00000, 0x000000009ff00000, 0x00000000a0000000|  0%| F|  |TAMS 0x000000009ff00000, 0x000000009ff00000| Untracked 
| 512|0x00000000a0000000, 0x00000000a0000000, 0x00000000a0100000|  0%| F|  |TAMS 0x00000000a0000000, 0x00000000a0000000| Untracked 
| 513|0x00000000a0100000, 0x00000000a0100000, 0x00000000a0200000|  0%| F|  |TAMS 0x00000000a0100000, 0x00000000a0100000| Untracked 
| 514|0x00000000a0200000, 0x00000000a0200000, 0x00000000a0300000|  0%| F|  |TAMS 0x00000000a0200000, 0x00000000a0200000| Untracked 
| 515|0x00000000a0300000, 0x00000000a0300000, 0x00000000a0400000|  0%| F|  |TAMS 0x00000000a0300000, 0x00000000a0300000| Untracked 
| 516|0x00000000a0400000, 0x00000000a0400000, 0x00000000a0500000|  0%| F|  |TAMS 0x00000000a0400000, 0x00000000a0400000| Untracked 
| 517|0x00000000a0500000, 0x00000000a0500000, 0x00000000a0600000|  0%| F|  |TAMS 0x00000000a0500000, 0x00000000a0500000| Untracked 
| 518|0x00000000a0600000, 0x00000000a0600000, 0x00000000a0700000|  0%| F|  |TAMS 0x00000000a0600000, 0x00000000a0600000| Untracked 
| 519|0x00000000a0700000, 0x00000000a0700000, 0x00000000a0800000|  0%| F|  |TAMS 0x00000000a0700000, 0x00000000a0700000| Untracked 
| 520|0x00000000a0800000, 0x00000000a0800000, 0x00000000a0900000|  0%| F|  |TAMS 0x00000000a0800000, 0x00000000a0800000| Untracked 
| 521|0x00000000a0900000, 0x00000000a0900000, 0x00000000a0a00000|  0%| F|  |TAMS 0x00000000a0900000, 0x00000000a0900000| Untracked 
| 522|0x00000000a0a00000, 0x00000000a0a00000, 0x00000000a0b00000|  0%| F|  |TAMS 0x00000000a0a00000, 0x00000000a0a00000| Untracked 
| 523|0x00000000a0b00000, 0x00000000a0b00000, 0x00000000a0c00000|  0%| F|  |TAMS 0x00000000a0b00000, 0x00000000a0b00000| Untracked 
| 524|0x00000000a0c00000, 0x00000000a0c00000, 0x00000000a0d00000|  0%| F|  |TAMS 0x00000000a0c00000, 0x00000000a0c00000| Untracked 
| 525|0x00000000a0d00000, 0x00000000a0d00000, 0x00000000a0e00000|  0%| F|  |TAMS 0x00000000a0d00000, 0x00000000a0d00000| Untracked 
| 526|0x00000000a0e00000, 0x00000000a0e00000, 0x00000000a0f00000|  0%| F|  |TAMS 0x00000000a0e00000, 0x00000000a0e00000| Untracked 
| 527|0x00000000a0f00000, 0x00000000a0f00000, 0x00000000a1000000|  0%| F|  |TAMS 0x00000000a0f00000, 0x00000000a0f00000| Untracked 
| 528|0x00000000a1000000, 0x00000000a1000000, 0x00000000a1100000|  0%| F|  |TAMS 0x00000000a1000000, 0x00000000a1000000| Untracked 
| 529|0x00000000a1100000, 0x00000000a1100000, 0x00000000a1200000|  0%| F|  |TAMS 0x00000000a1100000, 0x00000000a1100000| Untracked 
| 530|0x00000000a1200000, 0x00000000a1200000, 0x00000000a1300000|  0%| F|  |TAMS 0x00000000a1200000, 0x00000000a1200000| Untracked 
| 531|0x00000000a1300000, 0x00000000a1300000, 0x00000000a1400000|  0%| F|  |TAMS 0x00000000a1300000, 0x00000000a1300000| Untracked 
| 532|0x00000000a1400000, 0x00000000a1400000, 0x00000000a1500000|  0%| F|  |TAMS 0x00000000a1400000, 0x00000000a1400000| Untracked 
| 533|0x00000000a1500000, 0x00000000a1500000, 0x00000000a1600000|  0%| F|  |TAMS 0x00000000a1500000, 0x00000000a1500000| Untracked 
| 534|0x00000000a1600000, 0x00000000a1600000, 0x00000000a1700000|  0%| F|  |TAMS 0x00000000a1600000, 0x00000000a1600000| Untracked 
| 535|0x00000000a1700000, 0x00000000a1700000, 0x00000000a1800000|  0%| F|  |TAMS 0x00000000a1700000, 0x00000000a1700000| Untracked 
| 536|0x00000000a1800000, 0x00000000a1800000, 0x00000000a1900000|  0%| F|  |TAMS 0x00000000a1800000, 0x00000000a1800000| Untracked 
| 537|0x00000000a1900000, 0x00000000a1900000, 0x00000000a1a00000|  0%| F|  |TAMS 0x00000000a1900000, 0x00000000a1900000| Untracked 
| 538|0x00000000a1a00000, 0x00000000a1a00000, 0x00000000a1b00000|  0%| F|  |TAMS 0x00000000a1a00000, 0x00000000a1a00000| Untracked 
| 539|0x00000000a1b00000, 0x00000000a1b00000, 0x00000000a1c00000|  0%| F|  |TAMS 0x00000000a1b00000, 0x00000000a1b00000| Untracked 
| 540|0x00000000a1c00000, 0x00000000a1c00000, 0x00000000a1d00000|  0%| F|  |TAMS 0x00000000a1c00000, 0x00000000a1c00000| Untracked 
| 541|0x00000000a1d00000, 0x00000000a1d00000, 0x00000000a1e00000|  0%| F|  |TAMS 0x00000000a1d00000, 0x00000000a1d00000| Untracked 
| 542|0x00000000a1e00000, 0x00000000a1e00000, 0x00000000a1f00000|  0%| F|  |TAMS 0x00000000a1e00000, 0x00000000a1e00000| Untracked 
| 543|0x00000000a1f00000, 0x00000000a1f00000, 0x00000000a2000000|  0%| F|  |TAMS 0x00000000a1f00000, 0x00000000a1f00000| Untracked 
| 544|0x00000000a2000000, 0x00000000a2000000, 0x00000000a2100000|  0%| F|  |TAMS 0x00000000a2000000, 0x00000000a2000000| Untracked 
| 545|0x00000000a2100000, 0x00000000a2100000, 0x00000000a2200000|  0%| F|  |TAMS 0x00000000a2100000, 0x00000000a2100000| Untracked 
| 546|0x00000000a2200000, 0x00000000a2200000, 0x00000000a2300000|  0%| F|  |TAMS 0x00000000a2200000, 0x00000000a2200000| Untracked 
| 547|0x00000000a2300000, 0x00000000a2300000, 0x00000000a2400000|  0%| F|  |TAMS 0x00000000a2300000, 0x00000000a2300000| Untracked 
| 548|0x00000000a2400000, 0x00000000a2400000, 0x00000000a2500000|  0%| F|  |TAMS 0x00000000a2400000, 0x00000000a2400000| Untracked 
| 549|0x00000000a2500000, 0x00000000a2500000, 0x00000000a2600000|  0%| F|  |TAMS 0x00000000a2500000, 0x00000000a2500000| Untracked 
| 550|0x00000000a2600000, 0x00000000a2600000, 0x00000000a2700000|  0%| F|  |TAMS 0x00000000a2600000, 0x00000000a2600000| Untracked 
| 551|0x00000000a2700000, 0x00000000a2700000, 0x00000000a2800000|  0%| F|  |TAMS 0x00000000a2700000, 0x00000000a2700000| Untracked 
| 552|0x00000000a2800000, 0x00000000a2800000, 0x00000000a2900000|  0%| F|  |TAMS 0x00000000a2800000, 0x00000000a2800000| Untracked 
| 553|0x00000000a2900000, 0x00000000a2900000, 0x00000000a2a00000|  0%| F|  |TAMS 0x00000000a2900000, 0x00000000a2900000| Untracked 
| 554|0x00000000a2a00000, 0x00000000a2a00000, 0x00000000a2b00000|  0%| F|  |TAMS 0x00000000a2a00000, 0x00000000a2a00000| Untracked 
| 555|0x00000000a2b00000, 0x00000000a2b00000, 0x00000000a2c00000|  0%| F|  |TAMS 0x00000000a2b00000, 0x00000000a2b00000| Untracked 
| 556|0x00000000a2c00000, 0x00000000a2c00000, 0x00000000a2d00000|  0%| F|  |TAMS 0x00000000a2c00000, 0x00000000a2c00000| Untracked 
| 557|0x00000000a2d00000, 0x00000000a2d00000, 0x00000000a2e00000|  0%| F|  |TAMS 0x00000000a2d00000, 0x00000000a2d00000| Untracked 
| 558|0x00000000a2e00000, 0x00000000a2e00000, 0x00000000a2f00000|  0%| F|  |TAMS 0x00000000a2e00000, 0x00000000a2e00000| Untracked 
| 559|0x00000000a2f00000, 0x00000000a2f00000, 0x00000000a3000000|  0%| F|  |TAMS 0x00000000a2f00000, 0x00000000a2f00000| Untracked 
| 560|0x00000000a3000000, 0x00000000a3000000, 0x00000000a3100000|  0%| F|  |TAMS 0x00000000a3000000, 0x00000000a3000000| Untracked 
| 561|0x00000000a3100000, 0x00000000a3100000, 0x00000000a3200000|  0%| F|  |TAMS 0x00000000a3100000, 0x00000000a3100000| Untracked 
| 562|0x00000000a3200000, 0x00000000a3200000, 0x00000000a3300000|  0%| F|  |TAMS 0x00000000a3200000, 0x00000000a3200000| Untracked 
| 563|0x00000000a3300000, 0x00000000a3300000, 0x00000000a3400000|  0%| F|  |TAMS 0x00000000a3300000, 0x00000000a3300000| Untracked 
| 564|0x00000000a3400000, 0x00000000a3400000, 0x00000000a3500000|  0%| F|  |TAMS 0x00000000a3400000, 0x00000000a3400000| Untracked 
| 565|0x00000000a3500000, 0x00000000a3500000, 0x00000000a3600000|  0%| F|  |TAMS 0x00000000a3500000, 0x00000000a3500000| Untracked 
| 566|0x00000000a3600000, 0x00000000a3600000, 0x00000000a3700000|  0%| F|  |TAMS 0x00000000a3600000, 0x00000000a3600000| Untracked 
| 567|0x00000000a3700000, 0x00000000a3700000, 0x00000000a3800000|  0%| F|  |TAMS 0x00000000a3700000, 0x00000000a3700000| Untracked 
| 568|0x00000000a3800000, 0x00000000a3800000, 0x00000000a3900000|  0%| F|  |TAMS 0x00000000a3800000, 0x00000000a3800000| Untracked 
| 569|0x00000000a3900000, 0x00000000a3900000, 0x00000000a3a00000|  0%| F|  |TAMS 0x00000000a3900000, 0x00000000a3900000| Untracked 
| 570|0x00000000a3a00000, 0x00000000a3a00000, 0x00000000a3b00000|  0%| F|  |TAMS 0x00000000a3a00000, 0x00000000a3a00000| Untracked 
| 571|0x00000000a3b00000, 0x00000000a3b00000, 0x00000000a3c00000|  0%| F|  |TAMS 0x00000000a3b00000, 0x00000000a3b00000| Untracked 
| 572|0x00000000a3c00000, 0x00000000a3c00000, 0x00000000a3d00000|  0%| F|  |TAMS 0x00000000a3c00000, 0x00000000a3c00000| Untracked 
| 573|0x00000000a3d00000, 0x00000000a3e00000, 0x00000000a3e00000|100%| E|  |TAMS 0x00000000a3d00000, 0x00000000a3d00000| Complete 
| 574|0x00000000a3e00000, 0x00000000a3f00000, 0x00000000a3f00000|100%| E|CS|TAMS 0x00000000a3e00000, 0x00000000a3e00000| Complete 
| 575|0x00000000a3f00000, 0x00000000a4000000, 0x00000000a4000000|100%| E|CS|TAMS 0x00000000a3f00000, 0x00000000a3f00000| Complete 
| 576|0x00000000a4000000, 0x00000000a4100000, 0x00000000a4100000|100%| E|CS|TAMS 0x00000000a4000000, 0x00000000a4000000| Complete 
| 577|0x00000000a4100000, 0x00000000a4200000, 0x00000000a4200000|100%| E|  |TAMS 0x00000000a4100000, 0x00000000a4100000| Complete 
| 578|0x00000000a4200000, 0x00000000a4300000, 0x00000000a4300000|100%| E|CS|TAMS 0x00000000a4200000, 0x00000000a4200000| Complete 
| 579|0x00000000a4300000, 0x00000000a4400000, 0x00000000a4400000|100%| E|CS|TAMS 0x00000000a4300000, 0x00000000a4300000| Complete 
| 580|0x00000000a4400000, 0x00000000a4500000, 0x00000000a4500000|100%| E|CS|TAMS 0x00000000a4400000, 0x00000000a4400000| Complete 
| 581|0x00000000a4500000, 0x00000000a4600000, 0x00000000a4600000|100%| E|CS|TAMS 0x00000000a4500000, 0x00000000a4500000| Complete 
| 582|0x00000000a4600000, 0x00000000a4700000, 0x00000000a4700000|100%| E|CS|TAMS 0x00000000a4600000, 0x00000000a4600000| Complete 
| 583|0x00000000a4700000, 0x00000000a4800000, 0x00000000a4800000|100%| E|CS|TAMS 0x00000000a4700000, 0x00000000a4700000| Complete 
| 584|0x00000000a4800000, 0x00000000a4900000, 0x00000000a4900000|100%| E|CS|TAMS 0x00000000a4800000, 0x00000000a4800000| Complete 
| 585|0x00000000a4900000, 0x00000000a4a00000, 0x00000000a4a00000|100%| E|CS|TAMS 0x00000000a4900000, 0x00000000a4900000| Complete 
| 586|0x00000000a4a00000, 0x00000000a4b00000, 0x00000000a4b00000|100%| E|CS|TAMS 0x00000000a4a00000, 0x00000000a4a00000| Complete 
| 587|0x00000000a4b00000, 0x00000000a4c00000, 0x00000000a4c00000|100%| E|CS|TAMS 0x00000000a4b00000, 0x00000000a4b00000| Complete 
| 588|0x00000000a4c00000, 0x00000000a4d00000, 0x00000000a4d00000|100%| E|CS|TAMS 0x00000000a4c00000, 0x00000000a4c00000| Complete 
| 589|0x00000000a4d00000, 0x00000000a4e00000, 0x00000000a4e00000|100%| E|CS|TAMS 0x00000000a4d00000, 0x00000000a4d00000| Complete 
| 590|0x00000000a4e00000, 0x00000000a4f00000, 0x00000000a4f00000|100%| E|CS|TAMS 0x00000000a4e00000, 0x00000000a4e00000| Complete 
| 591|0x00000000a4f00000, 0x00000000a5000000, 0x00000000a5000000|100%| E|CS|TAMS 0x00000000a4f00000, 0x00000000a4f00000| Complete 
| 592|0x00000000a5000000, 0x00000000a5100000, 0x00000000a5100000|100%| E|CS|TAMS 0x00000000a5000000, 0x00000000a5000000| Complete 
| 593|0x00000000a5100000, 0x00000000a5200000, 0x00000000a5200000|100%| E|CS|TAMS 0x00000000a5100000, 0x00000000a5100000| Complete 
| 594|0x00000000a5200000, 0x00000000a5300000, 0x00000000a5300000|100%| E|CS|TAMS 0x00000000a5200000, 0x00000000a5200000| Complete 
| 595|0x00000000a5300000, 0x00000000a5400000, 0x00000000a5400000|100%| E|CS|TAMS 0x00000000a5300000, 0x00000000a5300000| Complete 
| 596|0x00000000a5400000, 0x00000000a5500000, 0x00000000a5500000|100%| E|CS|TAMS 0x00000000a5400000, 0x00000000a5400000| Complete 
| 597|0x00000000a5500000, 0x00000000a5600000, 0x00000000a5600000|100%| E|CS|TAMS 0x00000000a5500000, 0x00000000a5500000| Complete 
| 598|0x00000000a5600000, 0x00000000a5700000, 0x00000000a5700000|100%| E|CS|TAMS 0x00000000a5600000, 0x00000000a5600000| Complete 
| 599|0x00000000a5700000, 0x00000000a5800000, 0x00000000a5800000|100%| E|CS|TAMS 0x00000000a5700000, 0x00000000a5700000| Complete 
| 600|0x00000000a5800000, 0x00000000a5900000, 0x00000000a5900000|100%| E|CS|TAMS 0x00000000a5800000, 0x00000000a5800000| Complete 
| 601|0x00000000a5900000, 0x00000000a5a00000, 0x00000000a5a00000|100%| E|CS|TAMS 0x00000000a5900000, 0x00000000a5900000| Complete 
| 602|0x00000000a5a00000, 0x00000000a5b00000, 0x00000000a5b00000|100%| E|CS|TAMS 0x00000000a5a00000, 0x00000000a5a00000| Complete 
| 603|0x00000000a5b00000, 0x00000000a5c00000, 0x00000000a5c00000|100%| E|CS|TAMS 0x00000000a5b00000, 0x00000000a5b00000| Complete 
| 604|0x00000000a5c00000, 0x00000000a5d00000, 0x00000000a5d00000|100%| E|CS|TAMS 0x00000000a5c00000, 0x00000000a5c00000| Complete 
| 605|0x00000000a5d00000, 0x00000000a5e00000, 0x00000000a5e00000|100%| E|CS|TAMS 0x00000000a5d00000, 0x00000000a5d00000| Complete 
| 606|0x00000000a5e00000, 0x00000000a5f00000, 0x00000000a5f00000|100%| E|CS|TAMS 0x00000000a5e00000, 0x00000000a5e00000| Complete 
| 607|0x00000000a5f00000, 0x00000000a6000000, 0x00000000a6000000|100%| E|CS|TAMS 0x00000000a5f00000, 0x00000000a5f00000| Complete 
| 608|0x00000000a6000000, 0x00000000a6100000, 0x00000000a6100000|100%| E|CS|TAMS 0x00000000a6000000, 0x00000000a6000000| Complete 
| 609|0x00000000a6100000, 0x00000000a6200000, 0x00000000a6200000|100%| E|CS|TAMS 0x00000000a6100000, 0x00000000a6100000| Complete 
| 610|0x00000000a6200000, 0x00000000a6300000, 0x00000000a6300000|100%| E|CS|TAMS 0x00000000a6200000, 0x00000000a6200000| Complete 
| 611|0x00000000a6300000, 0x00000000a6400000, 0x00000000a6400000|100%| E|CS|TAMS 0x00000000a6300000, 0x00000000a6300000| Complete 
| 612|0x00000000a6400000, 0x00000000a6500000, 0x00000000a6500000|100%| E|CS|TAMS 0x00000000a6400000, 0x00000000a6400000| Complete 
| 613|0x00000000a6500000, 0x00000000a6600000, 0x00000000a6600000|100%| E|CS|TAMS 0x00000000a6500000, 0x00000000a6500000| Complete 
| 614|0x00000000a6600000, 0x00000000a6700000, 0x00000000a6700000|100%| E|CS|TAMS 0x00000000a6600000, 0x00000000a6600000| Complete 
| 615|0x00000000a6700000, 0x00000000a6800000, 0x00000000a6800000|100%| E|CS|TAMS 0x00000000a6700000, 0x00000000a6700000| Complete 
| 616|0x00000000a6800000, 0x00000000a6900000, 0x00000000a6900000|100%| E|CS|TAMS 0x00000000a6800000, 0x00000000a6800000| Complete 
| 617|0x00000000a6900000, 0x00000000a6a00000, 0x00000000a6a00000|100%| E|CS|TAMS 0x00000000a6900000, 0x00000000a6900000| Complete 
| 618|0x00000000a6a00000, 0x00000000a6b00000, 0x00000000a6b00000|100%| E|CS|TAMS 0x00000000a6a00000, 0x00000000a6a00000| Complete 
| 619|0x00000000a6b00000, 0x00000000a6c00000, 0x00000000a6c00000|100%| E|CS|TAMS 0x00000000a6b00000, 0x00000000a6b00000| Complete 
| 620|0x00000000a6c00000, 0x00000000a6d00000, 0x00000000a6d00000|100%| E|CS|TAMS 0x00000000a6c00000, 0x00000000a6c00000| Complete 
| 621|0x00000000a6d00000, 0x00000000a6e00000, 0x00000000a6e00000|100%| E|CS|TAMS 0x00000000a6d00000, 0x00000000a6d00000| Complete 
| 622|0x00000000a6e00000, 0x00000000a6f00000, 0x00000000a6f00000|100%| E|CS|TAMS 0x00000000a6e00000, 0x00000000a6e00000| Complete 
| 623|0x00000000a6f00000, 0x00000000a7000000, 0x00000000a7000000|100%| E|CS|TAMS 0x00000000a6f00000, 0x00000000a6f00000| Complete 
| 624|0x00000000a7000000, 0x00000000a7100000, 0x00000000a7100000|100%| E|CS|TAMS 0x00000000a7000000, 0x00000000a7000000| Complete 
| 625|0x00000000a7100000, 0x00000000a7200000, 0x00000000a7200000|100%| E|CS|TAMS 0x00000000a7100000, 0x00000000a7100000| Complete 
| 626|0x00000000a7200000, 0x00000000a7300000, 0x00000000a7300000|100%| E|CS|TAMS 0x00000000a7200000, 0x00000000a7200000| Complete 
| 627|0x00000000a7300000, 0x00000000a7400000, 0x00000000a7400000|100%| E|CS|TAMS 0x00000000a7300000, 0x00000000a7300000| Complete 
| 628|0x00000000a7400000, 0x00000000a7500000, 0x00000000a7500000|100%| E|CS|TAMS 0x00000000a7400000, 0x00000000a7400000| Complete 
| 629|0x00000000a7500000, 0x00000000a7600000, 0x00000000a7600000|100%| E|CS|TAMS 0x00000000a7500000, 0x00000000a7500000| Complete 
| 630|0x00000000a7600000, 0x00000000a7700000, 0x00000000a7700000|100%| E|CS|TAMS 0x00000000a7600000, 0x00000000a7600000| Complete 
| 631|0x00000000a7700000, 0x00000000a7800000, 0x00000000a7800000|100%| E|CS|TAMS 0x00000000a7700000, 0x00000000a7700000| Complete 
| 632|0x00000000a7800000, 0x00000000a7900000, 0x00000000a7900000|100%| E|CS|TAMS 0x00000000a7800000, 0x00000000a7800000| Complete 
| 633|0x00000000a7900000, 0x00000000a7a00000, 0x00000000a7a00000|100%| E|CS|TAMS 0x00000000a7900000, 0x00000000a7900000| Complete 
| 634|0x00000000a7a00000, 0x00000000a7b00000, 0x00000000a7b00000|100%| E|CS|TAMS 0x00000000a7a00000, 0x00000000a7a00000| Complete 
| 635|0x00000000a7b00000, 0x00000000a7c00000, 0x00000000a7c00000|100%| E|CS|TAMS 0x00000000a7b00000, 0x00000000a7b00000| Complete 
| 636|0x00000000a7c00000, 0x00000000a7d00000, 0x00000000a7d00000|100%| E|CS|TAMS 0x00000000a7c00000, 0x00000000a7c00000| Complete 
| 637|0x00000000a7d00000, 0x00000000a7e00000, 0x00000000a7e00000|100%| E|CS|TAMS 0x00000000a7d00000, 0x00000000a7d00000| Complete 
| 638|0x00000000a7e00000, 0x00000000a7f00000, 0x00000000a7f00000|100%| E|CS|TAMS 0x00000000a7e00000, 0x00000000a7e00000| Complete 
| 639|0x00000000a7f00000, 0x00000000a8000000, 0x00000000a8000000|100%| E|CS|TAMS 0x00000000a7f00000, 0x00000000a7f00000| Complete 
| 640|0x00000000a8000000, 0x00000000a8100000, 0x00000000a8100000|100%| E|CS|TAMS 0x00000000a8000000, 0x00000000a8000000| Complete 
| 641|0x00000000a8100000, 0x00000000a8200000, 0x00000000a8200000|100%| E|CS|TAMS 0x00000000a8100000, 0x00000000a8100000| Complete 
| 642|0x00000000a8200000, 0x00000000a8300000, 0x00000000a8300000|100%| E|CS|TAMS 0x00000000a8200000, 0x00000000a8200000| Complete 
| 643|0x00000000a8300000, 0x00000000a8400000, 0x00000000a8400000|100%| E|CS|TAMS 0x00000000a8300000, 0x00000000a8300000| Complete 
| 644|0x00000000a8400000, 0x00000000a8500000, 0x00000000a8500000|100%| E|CS|TAMS 0x00000000a8400000, 0x00000000a8400000| Complete 
| 645|0x00000000a8500000, 0x00000000a8600000, 0x00000000a8600000|100%| E|CS|TAMS 0x00000000a8500000, 0x00000000a8500000| Complete 
| 646|0x00000000a8600000, 0x00000000a8700000, 0x00000000a8700000|100%| E|CS|TAMS 0x00000000a8600000, 0x00000000a8600000| Complete 
| 647|0x00000000a8700000, 0x00000000a8800000, 0x00000000a8800000|100%| E|CS|TAMS 0x00000000a8700000, 0x00000000a8700000| Complete 
| 648|0x00000000a8800000, 0x00000000a8900000, 0x00000000a8900000|100%| E|CS|TAMS 0x00000000a8800000, 0x00000000a8800000| Complete 
| 649|0x00000000a8900000, 0x00000000a8a00000, 0x00000000a8a00000|100%| E|CS|TAMS 0x00000000a8900000, 0x00000000a8900000| Complete 
| 650|0x00000000a8a00000, 0x00000000a8b00000, 0x00000000a8b00000|100%| E|CS|TAMS 0x00000000a8a00000, 0x00000000a8a00000| Complete 
| 651|0x00000000a8b00000, 0x00000000a8c00000, 0x00000000a8c00000|100%| E|CS|TAMS 0x00000000a8b00000, 0x00000000a8b00000| Complete 
| 652|0x00000000a8c00000, 0x00000000a8d00000, 0x00000000a8d00000|100%| E|CS|TAMS 0x00000000a8c00000, 0x00000000a8c00000| Complete 
| 653|0x00000000a8d00000, 0x00000000a8e00000, 0x00000000a8e00000|100%| E|CS|TAMS 0x00000000a8d00000, 0x00000000a8d00000| Complete 
| 654|0x00000000a8e00000, 0x00000000a8f00000, 0x00000000a8f00000|100%| E|CS|TAMS 0x00000000a8e00000, 0x00000000a8e00000| Complete 
| 655|0x00000000a8f00000, 0x00000000a9000000, 0x00000000a9000000|100%| E|CS|TAMS 0x00000000a8f00000, 0x00000000a8f00000| Complete 
| 656|0x00000000a9000000, 0x00000000a9100000, 0x00000000a9100000|100%| E|CS|TAMS 0x00000000a9000000, 0x00000000a9000000| Complete 
| 657|0x00000000a9100000, 0x00000000a9200000, 0x00000000a9200000|100%| E|CS|TAMS 0x00000000a9100000, 0x00000000a9100000| Complete 
| 658|0x00000000a9200000, 0x00000000a9300000, 0x00000000a9300000|100%| E|CS|TAMS 0x00000000a9200000, 0x00000000a9200000| Complete 
| 659|0x00000000a9300000, 0x00000000a9400000, 0x00000000a9400000|100%| E|CS|TAMS 0x00000000a9300000, 0x00000000a9300000| Complete 
| 660|0x00000000a9400000, 0x00000000a9500000, 0x00000000a9500000|100%| E|CS|TAMS 0x00000000a9400000, 0x00000000a9400000| Complete 
| 661|0x00000000a9500000, 0x00000000a9600000, 0x00000000a9600000|100%| E|CS|TAMS 0x00000000a9500000, 0x00000000a9500000| Complete 
| 662|0x00000000a9600000, 0x00000000a9700000, 0x00000000a9700000|100%| E|CS|TAMS 0x00000000a9600000, 0x00000000a9600000| Complete 
| 663|0x00000000a9700000, 0x00000000a9800000, 0x00000000a9800000|100%| E|CS|TAMS 0x00000000a9700000, 0x00000000a9700000| Complete 
| 664|0x00000000a9800000, 0x00000000a9900000, 0x00000000a9900000|100%| E|CS|TAMS 0x00000000a9800000, 0x00000000a9800000| Complete 
| 665|0x00000000a9900000, 0x00000000a9a00000, 0x00000000a9a00000|100%| E|CS|TAMS 0x00000000a9900000, 0x00000000a9900000| Complete 
| 666|0x00000000a9a00000, 0x00000000a9b00000, 0x00000000a9b00000|100%| E|CS|TAMS 0x00000000a9a00000, 0x00000000a9a00000| Complete 
| 667|0x00000000a9b00000, 0x00000000a9c00000, 0x00000000a9c00000|100%| E|CS|TAMS 0x00000000a9b00000, 0x00000000a9b00000| Complete 
| 668|0x00000000a9c00000, 0x00000000a9d00000, 0x00000000a9d00000|100%| E|CS|TAMS 0x00000000a9c00000, 0x00000000a9c00000| Complete 
| 669|0x00000000a9d00000, 0x00000000a9e00000, 0x00000000a9e00000|100%| E|CS|TAMS 0x00000000a9d00000, 0x00000000a9d00000| Complete 
| 670|0x00000000a9e00000, 0x00000000a9f00000, 0x00000000a9f00000|100%| E|CS|TAMS 0x00000000a9e00000, 0x00000000a9e00000| Complete 
| 671|0x00000000a9f00000, 0x00000000aa000000, 0x00000000aa000000|100%| E|CS|TAMS 0x00000000a9f00000, 0x00000000a9f00000| Complete 
| 672|0x00000000aa000000, 0x00000000aa100000, 0x00000000aa100000|100%| E|CS|TAMS 0x00000000aa000000, 0x00000000aa000000| Complete 
| 673|0x00000000aa100000, 0x00000000aa200000, 0x00000000aa200000|100%| E|CS|TAMS 0x00000000aa100000, 0x00000000aa100000| Complete 
| 674|0x00000000aa200000, 0x00000000aa300000, 0x00000000aa300000|100%| E|CS|TAMS 0x00000000aa200000, 0x00000000aa200000| Complete 
| 675|0x00000000aa300000, 0x00000000aa400000, 0x00000000aa400000|100%| E|CS|TAMS 0x00000000aa300000, 0x00000000aa300000| Complete 
| 676|0x00000000aa400000, 0x00000000aa500000, 0x00000000aa500000|100%| E|CS|TAMS 0x00000000aa400000, 0x00000000aa400000| Complete 
| 677|0x00000000aa500000, 0x00000000aa600000, 0x00000000aa600000|100%| E|CS|TAMS 0x00000000aa500000, 0x00000000aa500000| Complete 
| 678|0x00000000aa600000, 0x00000000aa700000, 0x00000000aa700000|100%| E|CS|TAMS 0x00000000aa600000, 0x00000000aa600000| Complete 
| 679|0x00000000aa700000, 0x00000000aa800000, 0x00000000aa800000|100%| E|CS|TAMS 0x00000000aa700000, 0x00000000aa700000| Complete 
| 680|0x00000000aa800000, 0x00000000aa900000, 0x00000000aa900000|100%| E|CS|TAMS 0x00000000aa800000, 0x00000000aa800000| Complete 
| 681|0x00000000aa900000, 0x00000000aaa00000, 0x00000000aaa00000|100%| E|CS|TAMS 0x00000000aa900000, 0x00000000aa900000| Complete 
| 682|0x00000000aaa00000, 0x00000000aab00000, 0x00000000aab00000|100%| E|CS|TAMS 0x00000000aaa00000, 0x00000000aaa00000| Complete 
| 683|0x00000000aab00000, 0x00000000aac00000, 0x00000000aac00000|100%| E|CS|TAMS 0x00000000aab00000, 0x00000000aab00000| Complete 
| 684|0x00000000aac00000, 0x00000000aad00000, 0x00000000aad00000|100%| E|CS|TAMS 0x00000000aac00000, 0x00000000aac00000| Complete 
| 685|0x00000000aad00000, 0x00000000aae00000, 0x00000000aae00000|100%| E|CS|TAMS 0x00000000aad00000, 0x00000000aad00000| Complete 
| 686|0x00000000aae00000, 0x00000000aaf00000, 0x00000000aaf00000|100%| E|CS|TAMS 0x00000000aae00000, 0x00000000aae00000| Complete 
| 687|0x00000000aaf00000, 0x00000000ab000000, 0x00000000ab000000|100%| E|CS|TAMS 0x00000000aaf00000, 0x00000000aaf00000| Complete 
| 688|0x00000000ab000000, 0x00000000ab100000, 0x00000000ab100000|100%| E|CS|TAMS 0x00000000ab000000, 0x00000000ab000000| Complete 
| 689|0x00000000ab100000, 0x00000000ab200000, 0x00000000ab200000|100%| E|CS|TAMS 0x00000000ab100000, 0x00000000ab100000| Complete 
| 690|0x00000000ab200000, 0x00000000ab300000, 0x00000000ab300000|100%| E|CS|TAMS 0x00000000ab200000, 0x00000000ab200000| Complete 
| 691|0x00000000ab300000, 0x00000000ab400000, 0x00000000ab400000|100%| E|CS|TAMS 0x00000000ab300000, 0x00000000ab300000| Complete 
| 692|0x00000000ab400000, 0x00000000ab500000, 0x00000000ab500000|100%| E|CS|TAMS 0x00000000ab400000, 0x00000000ab400000| Complete 
| 693|0x00000000ab500000, 0x00000000ab600000, 0x00000000ab600000|100%| E|CS|TAMS 0x00000000ab500000, 0x00000000ab500000| Complete 
| 694|0x00000000ab600000, 0x00000000ab700000, 0x00000000ab700000|100%| E|CS|TAMS 0x00000000ab600000, 0x00000000ab600000| Complete 
| 695|0x00000000ab700000, 0x00000000ab800000, 0x00000000ab800000|100%| E|CS|TAMS 0x00000000ab700000, 0x00000000ab700000| Complete 
| 696|0x00000000ab800000, 0x00000000ab900000, 0x00000000ab900000|100%| E|CS|TAMS 0x00000000ab800000, 0x00000000ab800000| Complete 
| 697|0x00000000ab900000, 0x00000000aba00000, 0x00000000aba00000|100%| E|CS|TAMS 0x00000000ab900000, 0x00000000ab900000| Complete 
| 698|0x00000000aba00000, 0x00000000abb00000, 0x00000000abb00000|100%| E|CS|TAMS 0x00000000aba00000, 0x00000000aba00000| Complete 
| 699|0x00000000abb00000, 0x00000000abc00000, 0x00000000abc00000|100%| E|CS|TAMS 0x00000000abb00000, 0x00000000abb00000| Complete 
| 700|0x00000000abc00000, 0x00000000abd00000, 0x00000000abd00000|100%| E|CS|TAMS 0x00000000abc00000, 0x00000000abc00000| Complete 
| 701|0x00000000abd00000, 0x00000000abe00000, 0x00000000abe00000|100%| E|CS|TAMS 0x00000000abd00000, 0x00000000abd00000| Complete 
| 702|0x00000000abe00000, 0x00000000abf00000, 0x00000000abf00000|100%| E|CS|TAMS 0x00000000abe00000, 0x00000000abe00000| Complete 
| 703|0x00000000abf00000, 0x00000000ac000000, 0x00000000ac000000|100%| E|CS|TAMS 0x00000000abf00000, 0x00000000abf00000| Complete 
| 704|0x00000000ac000000, 0x00000000ac100000, 0x00000000ac100000|100%| E|CS|TAMS 0x00000000ac000000, 0x00000000ac000000| Complete 
| 705|0x00000000ac100000, 0x00000000ac200000, 0x00000000ac200000|100%| E|CS|TAMS 0x00000000ac100000, 0x00000000ac100000| Complete 
| 706|0x00000000ac200000, 0x00000000ac300000, 0x00000000ac300000|100%| E|CS|TAMS 0x00000000ac200000, 0x00000000ac200000| Complete 
| 707|0x00000000ac300000, 0x00000000ac400000, 0x00000000ac400000|100%| E|CS|TAMS 0x00000000ac300000, 0x00000000ac300000| Complete 
| 708|0x00000000ac400000, 0x00000000ac500000, 0x00000000ac500000|100%| E|CS|TAMS 0x00000000ac400000, 0x00000000ac400000| Complete 
| 709|0x00000000ac500000, 0x00000000ac600000, 0x00000000ac600000|100%| E|CS|TAMS 0x00000000ac500000, 0x00000000ac500000| Complete 
| 710|0x00000000ac600000, 0x00000000ac700000, 0x00000000ac700000|100%| E|CS|TAMS 0x00000000ac600000, 0x00000000ac600000| Complete 
| 711|0x00000000ac700000, 0x00000000ac800000, 0x00000000ac800000|100%| E|CS|TAMS 0x00000000ac700000, 0x00000000ac700000| Complete 
| 712|0x00000000ac800000, 0x00000000ac900000, 0x00000000ac900000|100%| E|CS|TAMS 0x00000000ac800000, 0x00000000ac800000| Complete 
| 713|0x00000000ac900000, 0x00000000aca00000, 0x00000000aca00000|100%| E|CS|TAMS 0x00000000ac900000, 0x00000000ac900000| Complete 
| 714|0x00000000aca00000, 0x00000000acb00000, 0x00000000acb00000|100%| E|CS|TAMS 0x00000000aca00000, 0x00000000aca00000| Complete 
| 715|0x00000000acb00000, 0x00000000acc00000, 0x00000000acc00000|100%| E|CS|TAMS 0x00000000acb00000, 0x00000000acb00000| Complete 
| 716|0x00000000acc00000, 0x00000000acd00000, 0x00000000acd00000|100%| E|CS|TAMS 0x00000000acc00000, 0x00000000acc00000| Complete 
| 717|0x00000000acd00000, 0x00000000ace00000, 0x00000000ace00000|100%| E|CS|TAMS 0x00000000acd00000, 0x00000000acd00000| Complete 
| 718|0x00000000ace00000, 0x00000000acf00000, 0x00000000acf00000|100%| E|CS|TAMS 0x00000000ace00000, 0x00000000ace00000| Complete 
| 719|0x00000000acf00000, 0x00000000ad000000, 0x00000000ad000000|100%| E|CS|TAMS 0x00000000acf00000, 0x00000000acf00000| Complete 
| 720|0x00000000ad000000, 0x00000000ad100000, 0x00000000ad100000|100%| E|CS|TAMS 0x00000000ad000000, 0x00000000ad000000| Complete 
| 721|0x00000000ad100000, 0x00000000ad200000, 0x00000000ad200000|100%| E|CS|TAMS 0x00000000ad100000, 0x00000000ad100000| Complete 
| 722|0x00000000ad200000, 0x00000000ad300000, 0x00000000ad300000|100%| E|CS|TAMS 0x00000000ad200000, 0x00000000ad200000| Complete 
| 723|0x00000000ad300000, 0x00000000ad400000, 0x00000000ad400000|100%| E|CS|TAMS 0x00000000ad300000, 0x00000000ad300000| Complete 
| 724|0x00000000ad400000, 0x00000000ad500000, 0x00000000ad500000|100%| E|CS|TAMS 0x00000000ad400000, 0x00000000ad400000| Complete 
| 725|0x00000000ad500000, 0x00000000ad600000, 0x00000000ad600000|100%| E|CS|TAMS 0x00000000ad500000, 0x00000000ad500000| Complete 
| 726|0x00000000ad600000, 0x00000000ad700000, 0x00000000ad700000|100%| E|CS|TAMS 0x00000000ad600000, 0x00000000ad600000| Complete 
| 727|0x00000000ad700000, 0x00000000ad800000, 0x00000000ad800000|100%| E|CS|TAMS 0x00000000ad700000, 0x00000000ad700000| Complete 
| 728|0x00000000ad800000, 0x00000000ad900000, 0x00000000ad900000|100%| E|CS|TAMS 0x00000000ad800000, 0x00000000ad800000| Complete 
| 729|0x00000000ad900000, 0x00000000ada00000, 0x00000000ada00000|100%| E|CS|TAMS 0x00000000ad900000, 0x00000000ad900000| Complete 
| 730|0x00000000ada00000, 0x00000000adb00000, 0x00000000adb00000|100%| E|CS|TAMS 0x00000000ada00000, 0x00000000ada00000| Complete 
| 731|0x00000000adb00000, 0x00000000adc00000, 0x00000000adc00000|100%| E|CS|TAMS 0x00000000adb00000, 0x00000000adb00000| Complete 
| 732|0x00000000adc00000, 0x00000000add00000, 0x00000000add00000|100%| E|CS|TAMS 0x00000000adc00000, 0x00000000adc00000| Complete 
| 733|0x00000000add00000, 0x00000000ade00000, 0x00000000ade00000|100%| E|CS|TAMS 0x00000000add00000, 0x00000000add00000| Complete 
| 734|0x00000000ade00000, 0x00000000adf00000, 0x00000000adf00000|100%| E|CS|TAMS 0x00000000ade00000, 0x00000000ade00000| Complete 
| 735|0x00000000adf00000, 0x00000000ae000000, 0x00000000ae000000|100%| E|CS|TAMS 0x00000000adf00000, 0x00000000adf00000| Complete 
| 736|0x00000000ae000000, 0x00000000ae100000, 0x00000000ae100000|100%| E|CS|TAMS 0x00000000ae000000, 0x00000000ae000000| Complete 
| 737|0x00000000ae100000, 0x00000000ae200000, 0x00000000ae200000|100%| E|CS|TAMS 0x00000000ae100000, 0x00000000ae100000| Complete 
| 738|0x00000000ae200000, 0x00000000ae300000, 0x00000000ae300000|100%| E|CS|TAMS 0x00000000ae200000, 0x00000000ae200000| Complete 
| 739|0x00000000ae300000, 0x00000000ae400000, 0x00000000ae400000|100%| E|CS|TAMS 0x00000000ae300000, 0x00000000ae300000| Complete 
| 740|0x00000000ae400000, 0x00000000ae500000, 0x00000000ae500000|100%| E|CS|TAMS 0x00000000ae400000, 0x00000000ae400000| Complete 
| 741|0x00000000ae500000, 0x00000000ae600000, 0x00000000ae600000|100%| E|CS|TAMS 0x00000000ae500000, 0x00000000ae500000| Complete 
| 742|0x00000000ae600000, 0x00000000ae700000, 0x00000000ae700000|100%| E|CS|TAMS 0x00000000ae600000, 0x00000000ae600000| Complete 
| 743|0x00000000ae700000, 0x00000000ae800000, 0x00000000ae800000|100%| E|CS|TAMS 0x00000000ae700000, 0x00000000ae700000| Complete 
| 744|0x00000000ae800000, 0x00000000ae900000, 0x00000000ae900000|100%| E|CS|TAMS 0x00000000ae800000, 0x00000000ae800000| Complete 
| 745|0x00000000ae900000, 0x00000000aea00000, 0x00000000aea00000|100%| E|CS|TAMS 0x00000000ae900000, 0x00000000ae900000| Complete 
| 746|0x00000000aea00000, 0x00000000aeb00000, 0x00000000aeb00000|100%| E|CS|TAMS 0x00000000aea00000, 0x00000000aea00000| Complete 
| 747|0x00000000aeb00000, 0x00000000aec00000, 0x00000000aec00000|100%| E|CS|TAMS 0x00000000aeb00000, 0x00000000aeb00000| Complete 
| 748|0x00000000aec00000, 0x00000000aed00000, 0x00000000aed00000|100%| E|CS|TAMS 0x00000000aec00000, 0x00000000aec00000| Complete 
| 749|0x00000000aed00000, 0x00000000aee00000, 0x00000000aee00000|100%| E|CS|TAMS 0x00000000aed00000, 0x00000000aed00000| Complete 
| 750|0x00000000aee00000, 0x00000000aef00000, 0x00000000aef00000|100%| E|CS|TAMS 0x00000000aee00000, 0x00000000aee00000| Complete 
| 751|0x00000000aef00000, 0x00000000af000000, 0x00000000af000000|100%| E|CS|TAMS 0x00000000aef00000, 0x00000000aef00000| Complete 
| 752|0x00000000af000000, 0x00000000af100000, 0x00000000af100000|100%| E|CS|TAMS 0x00000000af000000, 0x00000000af000000| Complete 
| 753|0x00000000af100000, 0x00000000af200000, 0x00000000af200000|100%| E|CS|TAMS 0x00000000af100000, 0x00000000af100000| Complete 
| 754|0x00000000af200000, 0x00000000af300000, 0x00000000af300000|100%| E|CS|TAMS 0x00000000af200000, 0x00000000af200000| Complete 
| 755|0x00000000af300000, 0x00000000af400000, 0x00000000af400000|100%| E|CS|TAMS 0x00000000af300000, 0x00000000af300000| Complete 
| 756|0x00000000af400000, 0x00000000af500000, 0x00000000af500000|100%| E|CS|TAMS 0x00000000af400000, 0x00000000af400000| Complete 
| 757|0x00000000af500000, 0x00000000af600000, 0x00000000af600000|100%| E|CS|TAMS 0x00000000af500000, 0x00000000af500000| Complete 
| 758|0x00000000af600000, 0x00000000af700000, 0x00000000af700000|100%| E|CS|TAMS 0x00000000af600000, 0x00000000af600000| Complete 
| 759|0x00000000af700000, 0x00000000af800000, 0x00000000af800000|100%| E|CS|TAMS 0x00000000af700000, 0x00000000af700000| Complete 
| 760|0x00000000af800000, 0x00000000af900000, 0x00000000af900000|100%| E|CS|TAMS 0x00000000af800000, 0x00000000af800000| Complete 
| 761|0x00000000af900000, 0x00000000afa00000, 0x00000000afa00000|100%| E|CS|TAMS 0x00000000af900000, 0x00000000af900000| Complete 
| 762|0x00000000afa00000, 0x00000000afb00000, 0x00000000afb00000|100%| E|CS|TAMS 0x00000000afa00000, 0x00000000afa00000| Complete 
| 763|0x00000000afb00000, 0x00000000afc00000, 0x00000000afc00000|100%| E|CS|TAMS 0x00000000afb00000, 0x00000000afb00000| Complete 
| 764|0x00000000afc00000, 0x00000000afd00000, 0x00000000afd00000|100%| E|CS|TAMS 0x00000000afc00000, 0x00000000afc00000| Complete 
| 765|0x00000000afd00000, 0x00000000afe00000, 0x00000000afe00000|100%| E|CS|TAMS 0x00000000afd00000, 0x00000000afd00000| Complete 
| 766|0x00000000afe00000, 0x00000000aff00000, 0x00000000aff00000|100%| E|CS|TAMS 0x00000000afe00000, 0x00000000afe00000| Complete 
| 767|0x00000000aff00000, 0x00000000b0000000, 0x00000000b0000000|100%| E|CS|TAMS 0x00000000aff00000, 0x00000000aff00000| Complete 
| 768|0x00000000b0000000, 0x00000000b0100000, 0x00000000b0100000|100%| E|CS|TAMS 0x00000000b0000000, 0x00000000b0000000| Complete 
| 769|0x00000000b0100000, 0x00000000b0200000, 0x00000000b0200000|100%| E|CS|TAMS 0x00000000b0100000, 0x00000000b0100000| Complete 
| 770|0x00000000b0200000, 0x00000000b0300000, 0x00000000b0300000|100%| E|CS|TAMS 0x00000000b0200000, 0x00000000b0200000| Complete 
| 771|0x00000000b0300000, 0x00000000b0400000, 0x00000000b0400000|100%| E|CS|TAMS 0x00000000b0300000, 0x00000000b0300000| Complete 
| 772|0x00000000b0400000, 0x00000000b0500000, 0x00000000b0500000|100%| E|CS|TAMS 0x00000000b0400000, 0x00000000b0400000| Complete 
| 773|0x00000000b0500000, 0x00000000b0600000, 0x00000000b0600000|100%| E|CS|TAMS 0x00000000b0500000, 0x00000000b0500000| Complete 
| 774|0x00000000b0600000, 0x00000000b0700000, 0x00000000b0700000|100%| E|CS|TAMS 0x00000000b0600000, 0x00000000b0600000| Complete 
| 775|0x00000000b0700000, 0x00000000b0800000, 0x00000000b0800000|100%| E|CS|TAMS 0x00000000b0700000, 0x00000000b0700000| Complete 
| 776|0x00000000b0800000, 0x00000000b0900000, 0x00000000b0900000|100%| E|CS|TAMS 0x00000000b0800000, 0x00000000b0800000| Complete 
| 777|0x00000000b0900000, 0x00000000b0a00000, 0x00000000b0a00000|100%| E|CS|TAMS 0x00000000b0900000, 0x00000000b0900000| Complete 
| 778|0x00000000b0a00000, 0x00000000b0b00000, 0x00000000b0b00000|100%| E|CS|TAMS 0x00000000b0a00000, 0x00000000b0a00000| Complete 
| 779|0x00000000b0b00000, 0x00000000b0c00000, 0x00000000b0c00000|100%| E|CS|TAMS 0x00000000b0b00000, 0x00000000b0b00000| Complete 
| 780|0x00000000b0c00000, 0x00000000b0d00000, 0x00000000b0d00000|100%| E|CS|TAMS 0x00000000b0c00000, 0x00000000b0c00000| Complete 
| 781|0x00000000b0d00000, 0x00000000b0e00000, 0x00000000b0e00000|100%| E|CS|TAMS 0x00000000b0d00000, 0x00000000b0d00000| Complete 
| 782|0x00000000b0e00000, 0x00000000b0f00000, 0x00000000b0f00000|100%| E|CS|TAMS 0x00000000b0e00000, 0x00000000b0e00000| Complete 
| 783|0x00000000b0f00000, 0x00000000b1000000, 0x00000000b1000000|100%| E|CS|TAMS 0x00000000b0f00000, 0x00000000b0f00000| Complete 
| 784|0x00000000b1000000, 0x00000000b1100000, 0x00000000b1100000|100%| E|CS|TAMS 0x00000000b1000000, 0x00000000b1000000| Complete 
| 785|0x00000000b1100000, 0x00000000b1200000, 0x00000000b1200000|100%| E|CS|TAMS 0x00000000b1100000, 0x00000000b1100000| Complete 
| 786|0x00000000b1200000, 0x00000000b1300000, 0x00000000b1300000|100%| E|CS|TAMS 0x00000000b1200000, 0x00000000b1200000| Complete 
| 787|0x00000000b1300000, 0x00000000b1400000, 0x00000000b1400000|100%| E|CS|TAMS 0x00000000b1300000, 0x00000000b1300000| Complete 
| 788|0x00000000b1400000, 0x00000000b1500000, 0x00000000b1500000|100%| E|CS|TAMS 0x00000000b1400000, 0x00000000b1400000| Complete 
| 789|0x00000000b1500000, 0x00000000b1600000, 0x00000000b1600000|100%| E|CS|TAMS 0x00000000b1500000, 0x00000000b1500000| Complete 
| 790|0x00000000b1600000, 0x00000000b1700000, 0x00000000b1700000|100%| E|CS|TAMS 0x00000000b1600000, 0x00000000b1600000| Complete 
| 791|0x00000000b1700000, 0x00000000b1800000, 0x00000000b1800000|100%| E|CS|TAMS 0x00000000b1700000, 0x00000000b1700000| Complete 
| 792|0x00000000b1800000, 0x00000000b1900000, 0x00000000b1900000|100%| E|CS|TAMS 0x00000000b1800000, 0x00000000b1800000| Complete 
| 793|0x00000000b1900000, 0x00000000b1a00000, 0x00000000b1a00000|100%| E|CS|TAMS 0x00000000b1900000, 0x00000000b1900000| Complete 
| 794|0x00000000b1a00000, 0x00000000b1b00000, 0x00000000b1b00000|100%| E|CS|TAMS 0x00000000b1a00000, 0x00000000b1a00000| Complete 
| 795|0x00000000b1b00000, 0x00000000b1c00000, 0x00000000b1c00000|100%| E|CS|TAMS 0x00000000b1b00000, 0x00000000b1b00000| Complete 
| 796|0x00000000b1c00000, 0x00000000b1d00000, 0x00000000b1d00000|100%| E|CS|TAMS 0x00000000b1c00000, 0x00000000b1c00000| Complete 
| 797|0x00000000b1d00000, 0x00000000b1e00000, 0x00000000b1e00000|100%| E|CS|TAMS 0x00000000b1d00000, 0x00000000b1d00000| Complete 
| 798|0x00000000b1e00000, 0x00000000b1f00000, 0x00000000b1f00000|100%| E|CS|TAMS 0x00000000b1e00000, 0x00000000b1e00000| Complete 
| 799|0x00000000b1f00000, 0x00000000b2000000, 0x00000000b2000000|100%| E|CS|TAMS 0x00000000b1f00000, 0x00000000b1f00000| Complete 
| 800|0x00000000b2000000, 0x00000000b2100000, 0x00000000b2100000|100%| E|CS|TAMS 0x00000000b2000000, 0x00000000b2000000| Complete 
| 801|0x00000000b2100000, 0x00000000b2200000, 0x00000000b2200000|100%| E|CS|TAMS 0x00000000b2100000, 0x00000000b2100000| Complete 
| 802|0x00000000b2200000, 0x00000000b2300000, 0x00000000b2300000|100%| E|CS|TAMS 0x00000000b2200000, 0x00000000b2200000| Complete 
| 803|0x00000000b2300000, 0x00000000b2400000, 0x00000000b2400000|100%| E|CS|TAMS 0x00000000b2300000, 0x00000000b2300000| Complete 
| 804|0x00000000b2400000, 0x00000000b2500000, 0x00000000b2500000|100%| E|CS|TAMS 0x00000000b2400000, 0x00000000b2400000| Complete 
| 805|0x00000000b2500000, 0x00000000b2600000, 0x00000000b2600000|100%| E|CS|TAMS 0x00000000b2500000, 0x00000000b2500000| Complete 
| 806|0x00000000b2600000, 0x00000000b2700000, 0x00000000b2700000|100%| E|CS|TAMS 0x00000000b2600000, 0x00000000b2600000| Complete 
| 807|0x00000000b2700000, 0x00000000b2800000, 0x00000000b2800000|100%| E|CS|TAMS 0x00000000b2700000, 0x00000000b2700000| Complete 
| 808|0x00000000b2800000, 0x00000000b2900000, 0x00000000b2900000|100%| E|CS|TAMS 0x00000000b2800000, 0x00000000b2800000| Complete 
| 809|0x00000000b2900000, 0x00000000b2a00000, 0x00000000b2a00000|100%| E|CS|TAMS 0x00000000b2900000, 0x00000000b2900000| Complete 
| 810|0x00000000b2a00000, 0x00000000b2b00000, 0x00000000b2b00000|100%| E|CS|TAMS 0x00000000b2a00000, 0x00000000b2a00000| Complete 
| 811|0x00000000b2b00000, 0x00000000b2c00000, 0x00000000b2c00000|100%| E|CS|TAMS 0x00000000b2b00000, 0x00000000b2b00000| Complete 
| 812|0x00000000b2c00000, 0x00000000b2d00000, 0x00000000b2d00000|100%| E|CS|TAMS 0x00000000b2c00000, 0x00000000b2c00000| Complete 
| 813|0x00000000b2d00000, 0x00000000b2e00000, 0x00000000b2e00000|100%| E|CS|TAMS 0x00000000b2d00000, 0x00000000b2d00000| Complete 
| 814|0x00000000b2e00000, 0x00000000b2f00000, 0x00000000b2f00000|100%| E|CS|TAMS 0x00000000b2e00000, 0x00000000b2e00000| Complete 
| 815|0x00000000b2f00000, 0x00000000b3000000, 0x00000000b3000000|100%| E|CS|TAMS 0x00000000b2f00000, 0x00000000b2f00000| Complete 
| 816|0x00000000b3000000, 0x00000000b3100000, 0x00000000b3100000|100%| E|CS|TAMS 0x00000000b3000000, 0x00000000b3000000| Complete 
| 817|0x00000000b3100000, 0x00000000b3200000, 0x00000000b3200000|100%| E|CS|TAMS 0x00000000b3100000, 0x00000000b3100000| Complete 
| 818|0x00000000b3200000, 0x00000000b3300000, 0x00000000b3300000|100%| E|CS|TAMS 0x00000000b3200000, 0x00000000b3200000| Complete 
| 819|0x00000000b3300000, 0x00000000b3400000, 0x00000000b3400000|100%| E|CS|TAMS 0x00000000b3300000, 0x00000000b3300000| Complete 
| 820|0x00000000b3400000, 0x00000000b3500000, 0x00000000b3500000|100%| E|CS|TAMS 0x00000000b3400000, 0x00000000b3400000| Complete 
| 821|0x00000000b3500000, 0x00000000b3600000, 0x00000000b3600000|100%| E|CS|TAMS 0x00000000b3500000, 0x00000000b3500000| Complete 
| 822|0x00000000b3600000, 0x00000000b3700000, 0x00000000b3700000|100%| E|CS|TAMS 0x00000000b3600000, 0x00000000b3600000| Complete 
| 823|0x00000000b3700000, 0x00000000b3800000, 0x00000000b3800000|100%| E|CS|TAMS 0x00000000b3700000, 0x00000000b3700000| Complete 
| 824|0x00000000b3800000, 0x00000000b3900000, 0x00000000b3900000|100%| E|CS|TAMS 0x00000000b3800000, 0x00000000b3800000| Complete 
| 825|0x00000000b3900000, 0x00000000b3a00000, 0x00000000b3a00000|100%| E|CS|TAMS 0x00000000b3900000, 0x00000000b3900000| Complete 
| 826|0x00000000b3a00000, 0x00000000b3b00000, 0x00000000b3b00000|100%| E|CS|TAMS 0x00000000b3a00000, 0x00000000b3a00000| Complete 
| 827|0x00000000b3b00000, 0x00000000b3c00000, 0x00000000b3c00000|100%| E|CS|TAMS 0x00000000b3b00000, 0x00000000b3b00000| Complete 
| 828|0x00000000b3c00000, 0x00000000b3d00000, 0x00000000b3d00000|100%| E|CS|TAMS 0x00000000b3c00000, 0x00000000b3c00000| Complete 
| 829|0x00000000b3d00000, 0x00000000b3e00000, 0x00000000b3e00000|100%| E|CS|TAMS 0x00000000b3d00000, 0x00000000b3d00000| Complete 
| 830|0x00000000b3e00000, 0x00000000b3f00000, 0x00000000b3f00000|100%| E|CS|TAMS 0x00000000b3e00000, 0x00000000b3e00000| Complete 
| 831|0x00000000b3f00000, 0x00000000b4000000, 0x00000000b4000000|100%| E|CS|TAMS 0x00000000b3f00000, 0x00000000b3f00000| Complete 
| 832|0x00000000b4000000, 0x00000000b4100000, 0x00000000b4100000|100%| E|CS|TAMS 0x00000000b4000000, 0x00000000b4000000| Complete 
| 833|0x00000000b4100000, 0x00000000b4200000, 0x00000000b4200000|100%| E|CS|TAMS 0x00000000b4100000, 0x00000000b4100000| Complete 
| 834|0x00000000b4200000, 0x00000000b4300000, 0x00000000b4300000|100%| E|CS|TAMS 0x00000000b4200000, 0x00000000b4200000| Complete 
| 835|0x00000000b4300000, 0x00000000b4400000, 0x00000000b4400000|100%| E|CS|TAMS 0x00000000b4300000, 0x00000000b4300000| Complete 
| 836|0x00000000b4400000, 0x00000000b4500000, 0x00000000b4500000|100%| E|CS|TAMS 0x00000000b4400000, 0x00000000b4400000| Complete 
| 837|0x00000000b4500000, 0x00000000b4600000, 0x00000000b4600000|100%| E|CS|TAMS 0x00000000b4500000, 0x00000000b4500000| Complete 
|1200|0x00000000cb000000, 0x00000000cb100000, 0x00000000cb100000|100%| E|CS|TAMS 0x00000000cb000000, 0x00000000cb000000| Complete 
|1201|0x00000000cb100000, 0x00000000cb200000, 0x00000000cb200000|100%| E|CS|TAMS 0x00000000cb100000, 0x00000000cb100000| Complete 
|1202|0x00000000cb200000, 0x00000000cb300000, 0x00000000cb300000|100%| E|CS|TAMS 0x00000000cb200000, 0x00000000cb200000| Complete 
|1203|0x00000000cb300000, 0x00000000cb400000, 0x00000000cb400000|100%| E|CS|TAMS 0x00000000cb300000, 0x00000000cb300000| Complete 
|1204|0x00000000cb400000, 0x00000000cb500000, 0x00000000cb500000|100%| E|CS|TAMS 0x00000000cb400000, 0x00000000cb400000| Complete 
|1205|0x00000000cb500000, 0x00000000cb600000, 0x00000000cb600000|100%| E|CS|TAMS 0x00000000cb500000, 0x00000000cb500000| Complete 
|1206|0x00000000cb600000, 0x00000000cb700000, 0x00000000cb700000|100%| E|CS|TAMS 0x00000000cb600000, 0x00000000cb600000| Complete 
|1207|0x00000000cb700000, 0x00000000cb800000, 0x00000000cb800000|100%| E|CS|TAMS 0x00000000cb700000, 0x00000000cb700000| Complete 
|1208|0x00000000cb800000, 0x00000000cb900000, 0x00000000cb900000|100%| E|CS|TAMS 0x00000000cb800000, 0x00000000cb800000| Complete 
|1209|0x00000000cb900000, 0x00000000cba00000, 0x00000000cba00000|100%| E|CS|TAMS 0x00000000cb900000, 0x00000000cb900000| Complete 
|1210|0x00000000cba00000, 0x00000000cbb00000, 0x00000000cbb00000|100%| E|CS|TAMS 0x00000000cba00000, 0x00000000cba00000| Complete 
|1211|0x00000000cbb00000, 0x00000000cbc00000, 0x00000000cbc00000|100%| E|CS|TAMS 0x00000000cbb00000, 0x00000000cbb00000| Complete 
|1212|0x00000000cbc00000, 0x00000000cbd00000, 0x00000000cbd00000|100%| E|CS|TAMS 0x00000000cbc00000, 0x00000000cbc00000| Complete 
|1213|0x00000000cbd00000, 0x00000000cbe00000, 0x00000000cbe00000|100%| E|CS|TAMS 0x00000000cbd00000, 0x00000000cbd00000| Complete 
|1214|0x00000000cbe00000, 0x00000000cbf00000, 0x00000000cbf00000|100%| E|CS|TAMS 0x00000000cbe00000, 0x00000000cbe00000| Complete 
|1215|0x00000000cbf00000, 0x00000000cc000000, 0x00000000cc000000|100%| E|CS|TAMS 0x00000000cbf00000, 0x00000000cbf00000| Complete 
|1216|0x00000000cc000000, 0x00000000cc100000, 0x00000000cc100000|100%| E|CS|TAMS 0x00000000cc000000, 0x00000000cc000000| Complete 
|1217|0x00000000cc100000, 0x00000000cc200000, 0x00000000cc200000|100%| E|CS|TAMS 0x00000000cc100000, 0x00000000cc100000| Complete 
|1218|0x00000000cc200000, 0x00000000cc300000, 0x00000000cc300000|100%| E|CS|TAMS 0x00000000cc200000, 0x00000000cc200000| Complete 
|1219|0x00000000cc300000, 0x00000000cc400000, 0x00000000cc400000|100%| E|CS|TAMS 0x00000000cc300000, 0x00000000cc300000| Complete 
|1220|0x00000000cc400000, 0x00000000cc500000, 0x00000000cc500000|100%| E|CS|TAMS 0x00000000cc400000, 0x00000000cc400000| Complete 
|1221|0x00000000cc500000, 0x00000000cc600000, 0x00000000cc600000|100%| E|CS|TAMS 0x00000000cc500000, 0x00000000cc500000| Complete 

Card table byte_map: [0x000002126eb20000,0x000002126ef20000] _byte_map_base: 0x000002126e720000

Marking Bits (Prev, Next): (CMBitMap*) 0x00000212577edce0, (CMBitMap*) 0x00000212577edca0
 Prev Bits: [0x0000021271320000, 0x0000021273320000)
 Next Bits: [0x000002126f320000, 0x0000021271320000)

Polling page: 0x00000212554f0000

Metaspace:

Usage:
  Non-class:    116.16 MB used.
      Class:     18.05 MB used.
       Both:    134.21 MB used.

Virtual space:
  Non-class space:      128.00 MB reserved,     117.12 MB ( 92%) committed,  2 nodes.
      Class space:      416.00 MB reserved,      19.06 MB (  5%) committed,  1 nodes.
             Both:      544.00 MB reserved,     136.19 MB ( 25%) committed. 

Chunk freelists:
   Non-Class:  10.42 MB
       Class:  12.95 MB
        Both:  23.38 MB

MaxMetaspaceSize: 512.00 MB
CompressedClassSpaceSize: 416.00 MB
Initial GC threshold: 21.00 MB
Current GC threshold: 218.44 MB
CDS: on
MetaspaceReclaimPolicy: balanced
 - commit_granule_bytes: 65536.
 - commit_granule_words: 8192.
 - virtual_space_node_default_size: 8388608.
 - enlarge_chunks_in_place: 1.
 - new_chunks_are_fully_committed: 0.
 - uncommit_free_chunks: 1.
 - use_allocation_guard: 0.
 - handle_deallocations: 1.


Internal statistics:

num_allocs_failed_limit: 6.
num_arena_births: 4832.
num_arena_deaths: 918.
num_vsnodes_births: 3.
num_vsnodes_deaths: 0.
num_space_committed: 2211.
num_space_uncommitted: 33.
num_chunks_returned_to_freelist: 1457.
num_chunks_taken_from_freelist: 12859.
num_chunk_merges: 613.
num_chunk_splits: 7109.
num_chunks_enlarged: 3324.
num_inconsistent_stats: 0.

CodeHeap 'non-profiled nmethods': size=120000Kb used=21241Kb max_used=21241Kb free=98758Kb
 bounds [0x0000021266db0000, 0x0000021268270000, 0x000002126e2e0000]
CodeHeap 'profiled nmethods': size=120000Kb used=46605Kb max_used=47092Kb free=73394Kb
 bounds [0x000002125f2e0000, 0x00000212620e0000, 0x0000021266810000]
CodeHeap 'non-nmethods': size=5760Kb used=1826Kb max_used=1980Kb free=3933Kb
 bounds [0x0000021266810000, 0x0000021266a80000, 0x0000021266db0000]
 total_blobs=24604 nmethods=23670 adapters=845
 compilation: enabled
              stopped_count=0, restarted_count=0
 full_count=0

Compilation events (20 events):
Event: 544.496 Thread 0x0000021275fee390 nmethod 32167 0x00000212601a9c90 code [0x00000212601a9f20, 0x00000212601aa6b8]
Event: 544.496 Thread 0x0000021275fee390 32168       3       com.sun.org.apache.xerces.internal.impl.XMLDocumentScannerImpl$ContentDriver::elementDepthIsZeroHook (25 bytes)
Event: 544.496 Thread 0x0000021275fee390 nmethod 32168 0x00000212601a9890 code [0x00000212601a9a40, 0x00000212601a9bf8]
Event: 544.497 Thread 0x000002127d95e020 nmethod 32153 0x000002126826c810 code [0x000002126826c9a0, 0x000002126826cb18]
Event: 544.498 Thread 0x0000021275fee390 32169       3       com.sun.org.apache.xerces.internal.impl.XMLDocumentFragmentScannerImpl::scanXMLDeclOrTextDecl (184 bytes)
Event: 544.499 Thread 0x0000021275fee390 nmethod 32169 0x000002125fd34b90 code [0x000002125fd34dc0, 0x000002125fd356a8]
Event: 544.500 Thread 0x0000021275fee390 32170   !   3       com.sun.org.apache.xerces.internal.jaxp.DocumentBuilderFactoryImpl::newDocumentBuilder (122 bytes)
Event: 544.500 Thread 0x000002127d95e020 32171       4       com.sun.org.apache.xerces.internal.util.ParserConfigurationSettings::addRecognizedFeatures (56 bytes)
Event: 544.501 Thread 0x0000021275fee390 nmethod 32170 0x000002125fd33910 code [0x000002125fd33b80, 0x000002125fd34828]
Event: 544.502 Thread 0x0000021275fea580 nmethod 32151 0x000002126826cd10 code [0x000002126826cec0, 0x000002126826d8b8]
Event: 544.503 Thread 0x0000021275fea580 32172       4       com.sun.org.apache.xerces.internal.util.ParserConfigurationSettings::getFeature (20 bytes)
Event: 544.505 Thread 0x0000021275fea580 nmethod 32172 0x000002126826dd90 code [0x000002126826df20, 0x000002126826e028]
Event: 544.505 Thread 0x0000021275fea580 32174       4       com.sun.org.apache.xerces.internal.dom.ElementNSImpl::getLocalName (16 bytes)
Event: 544.507 Thread 0x0000021275fee390 32176       3       com.android.ide.common.resources.configuration.ResourceQualifier::<init> (5 bytes)
Event: 544.507 Thread 0x0000021275fee390 nmethod 32176 0x00000212601a9290 code [0x00000212601a9440, 0x00000212601a9598]
Event: 544.511 Thread 0x0000021275fee390 32177   !   3       com.sun.org.apache.xerces.internal.impl.XMLDocumentScannerImpl::reset (190 bytes)
Event: 544.511 Thread 0x0000021275fea580 nmethod 32174 0x000002126826e190 code [0x000002126826e320, 0x000002126826e4b8]
Event: 544.511 Thread 0x0000021275fea580 32175       4       com.sun.org.apache.xerces.internal.impl.XMLNSDocumentScannerImpl::scanStartElement (1031 bytes)
Event: 544.514 Thread 0x0000021275fee390 nmethod 32177 0x00000212611dfe90 code [0x00000212611e01c0, 0x00000212611e1cb8]
Event: 544.514 Thread 0x0000021275fee390 32178       3       com.sun.org.apache.xerces.internal.impl.XMLDocumentFragmentScannerImpl::reset (194 bytes)

GC Heap History (20 events):
Event: 501.916 GC heap before
{Heap before GC invocations=73 (full 0):
 garbage-first heap   total 686080K, used 253055K [0x0000000080000000, 0x0000000100000000)
  region size 1024K, 30 young (30720K), 5 survivors (5120K)
 Metaspace       used 125137K, committed 127168K, reserved 557056K
  class space    used 17477K, committed 18496K, reserved 425984K
}
Event: 501.922 GC heap after
{Heap after GC invocations=74 (full 0):
 garbage-first heap   total 686080K, used 228479K [0x0000000080000000, 0x0000000100000000)
  region size 1024K, 4 young (4096K), 4 survivors (4096K)
 Metaspace       used 125137K, committed 127168K, reserved 557056K
  class space    used 17477K, committed 18496K, reserved 425984K
}
Event: 518.255 GC heap before
{Heap before GC invocations=75 (full 0):
 garbage-first heap   total 686080K, used 538751K [0x0000000080000000, 0x0000000100000000)
  region size 1024K, 302 young (309248K), 4 survivors (4096K)
 Metaspace       used 128258K, committed 130304K, reserved 557056K
  class space    used 17646K, committed 18624K, reserved 425984K
}
Event: 518.278 GC heap after
{Heap after GC invocations=76 (full 0):
 garbage-first heap   total 686080K, used 266102K [0x0000000080000000, 0x0000000100000000)
  region size 1024K, 37 young (37888K), 37 survivors (37888K)
 Metaspace       used 128258K, committed 130304K, reserved 557056K
  class space    used 17646K, committed 18624K, reserved 425984K
}
Event: 518.289 GC heap before
{Heap before GC invocations=76 (full 0):
 garbage-first heap   total 686080K, used 266102K [0x0000000080000000, 0x0000000100000000)
  region size 1024K, 38 young (38912K), 37 survivors (37888K)
 Metaspace       used 128265K, committed 130304K, reserved 557056K
  class space    used 17646K, committed 18624K, reserved 425984K
}
Event: 518.316 GC heap after
{Heap after GC invocations=77 (full 0):
 garbage-first heap   total 686080K, used 247186K [0x0000000080000000, 0x0000000100000000)
  region size 1024K, 4 young (4096K), 4 survivors (4096K)
 Metaspace       used 128265K, committed 130304K, reserved 557056K
  class space    used 17646K, committed 18624K, reserved 425984K
}
Event: 519.405 GC heap before
{Heap before GC invocations=77 (full 0):
 garbage-first heap   total 686080K, used 276882K [0x0000000080000000, 0x0000000100000000)
  region size 1024K, 35 young (35840K), 4 survivors (4096K)
 Metaspace       used 128374K, committed 130432K, reserved 557056K
  class space    used 17646K, committed 18624K, reserved 425984K
}
Event: 519.410 GC heap after
{Heap after GC invocations=78 (full 0):
 garbage-first heap   total 686080K, used 247727K [0x0000000080000000, 0x0000000100000000)
  region size 1024K, 4 young (4096K), 4 survivors (4096K)
 Metaspace       used 128374K, committed 130432K, reserved 557056K
  class space    used 17646K, committed 18624K, reserved 425984K
}
Event: 525.822 GC heap before
{Heap before GC invocations=79 (full 0):
 garbage-first heap   total 686080K, used 545711K [0x0000000080000000, 0x0000000100000000)
  region size 1024K, 288 young (294912K), 4 survivors (4096K)
 Metaspace       used 129848K, committed 131904K, reserved 557056K
  class space    used 17720K, committed 18752K, reserved 425984K
}
Event: 525.856 GC heap after
{Heap after GC invocations=80 (full 0):
 garbage-first heap   total 686080K, used 281530K [0x0000000080000000, 0x0000000100000000)
  region size 1024K, 33 young (33792K), 33 survivors (33792K)
 Metaspace       used 129848K, committed 131904K, reserved 557056K
  class space    used 17720K, committed 18752K, reserved 425984K
}
Event: 525.871 GC heap before
{Heap before GC invocations=80 (full 0):
 garbage-first heap   total 686080K, used 282554K [0x0000000080000000, 0x0000000100000000)
  region size 1024K, 34 young (34816K), 33 survivors (33792K)
 Metaspace       used 129851K, committed 131904K, reserved 557056K
  class space    used 17720K, committed 18752K, reserved 425984K
}
Event: 525.908 GC heap after
{Heap after GC invocations=81 (full 0):
 garbage-first heap   total 686080K, used 258880K [0x0000000080000000, 0x0000000100000000)
  region size 1024K, 3 young (3072K), 3 survivors (3072K)
 Metaspace       used 129851K, committed 131904K, reserved 557056K
  class space    used 17720K, committed 18752K, reserved 425984K
}
Event: 527.008 GC heap before
{Heap before GC invocations=81 (full 0):
 garbage-first heap   total 686080K, used 531264K [0x0000000080000000, 0x0000000100000000)
  region size 1024K, 270 young (276480K), 3 survivors (3072K)
 Metaspace       used 130298K, committed 132416K, reserved 557056K
  class space    used 17753K, committed 18752K, reserved 425984K
}
Event: 527.013 GC heap after
{Heap after GC invocations=82 (full 0):
 garbage-first heap   total 686080K, used 260236K [0x0000000080000000, 0x0000000100000000)
  region size 1024K, 5 young (5120K), 5 survivors (5120K)
 Metaspace       used 130298K, committed 132416K, reserved 557056K
  class space    used 17753K, committed 18752K, reserved 425984K
}
Event: 531.774 GC heap before
{Heap before GC invocations=83 (full 0):
 garbage-first heap   total 686080K, used 541836K [0x0000000080000000, 0x0000000100000000)
  region size 1024K, 283 young (289792K), 5 survivors (5120K)
 Metaspace       used 131972K, committed 134080K, reserved 557056K
  class space    used 17964K, committed 19008K, reserved 425984K
}
Event: 531.804 GC heap after
{Heap after GC invocations=84 (full 0):
 garbage-first heap   total 686080K, used 269765K [0x0000000080000000, 0x0000000100000000)
  region size 1024K, 16 young (16384K), 16 survivors (16384K)
 Metaspace       used 131972K, committed 134080K, reserved 557056K
  class space    used 17964K, committed 19008K, reserved 425984K
}
Event: 532.460 GC heap before
{Heap before GC invocations=84 (full 0):
 garbage-first heap   total 686080K, used 287173K [0x0000000080000000, 0x0000000100000000)
  region size 1024K, 33 young (33792K), 16 survivors (16384K)
 Metaspace       used 132021K, committed 134080K, reserved 557056K
  class space    used 17965K, committed 19008K, reserved 425984K
}
Event: 532.512 GC heap after
{Heap after GC invocations=85 (full 0):
 garbage-first heap   total 686080K, used 242021K [0x0000000080000000, 0x0000000100000000)
  region size 1024K, 2 young (2048K), 2 survivors (2048K)
 Metaspace       used 132021K, committed 134080K, reserved 557056K
  class space    used 17965K, committed 19008K, reserved 425984K
}
Event: 533.793 GC heap before
{Heap before GC invocations=85 (full 0):
 garbage-first heap   total 686080K, used 547173K [0x0000000080000000, 0x0000000100000000)
  region size 1024K, 301 young (308224K), 2 survivors (2048K)
 Metaspace       used 132255K, committed 134336K, reserved 557056K
  class space    used 17968K, committed 19008K, reserved 425984K
}
Event: 533.814 GC heap after
{Heap after GC invocations=86 (full 0):
 garbage-first heap   total 1251328K, used 240517K [0x0000000080000000, 0x0000000100000000)
  region size 1024K, 3 young (3072K), 3 survivors (3072K)
 Metaspace       used 132255K, committed 134336K, reserved 557056K
  class space    used 17968K, committed 19008K, reserved 425984K
}

Dll operation events (16 events):
Event: 0.018 Loaded shared library C:\Program Files\Microsoft\jdk-17.0.16.8-hotspot\bin\java.dll
Event: 0.036 Loaded shared library C:\Program Files\Microsoft\jdk-17.0.16.8-hotspot\bin\jsvml.dll
Event: 0.093 Loaded shared library C:\Program Files\Microsoft\jdk-17.0.16.8-hotspot\bin\zip.dll
Event: 0.097 Loaded shared library C:\Program Files\Microsoft\jdk-17.0.16.8-hotspot\bin\instrument.dll
Event: 0.101 Loaded shared library C:\Program Files\Microsoft\jdk-17.0.16.8-hotspot\bin\net.dll
Event: 0.104 Loaded shared library C:\Program Files\Microsoft\jdk-17.0.16.8-hotspot\bin\nio.dll
Event: 0.106 Loaded shared library C:\Program Files\Microsoft\jdk-17.0.16.8-hotspot\bin\zip.dll
Event: 0.426 Loaded shared library C:\Program Files\Microsoft\jdk-17.0.16.8-hotspot\bin\jimage.dll
Event: 0.614 Loaded shared library C:\Program Files\Microsoft\jdk-17.0.16.8-hotspot\bin\verify.dll
Event: 0.733 Loaded shared library C:\Users\luiss\.gradle\native\1def1411415f61bf3af743bc5b6707747c0891f09f0c88961ee8f79bc544acac\windows-amd64\native-platform.dll
Event: 0.752 Loaded shared library C:\Users\luiss\.gradle\native\0.2.7\x86_64-windows-gnu\gradle-fileevents.dll
Event: 2.021 Loaded shared library C:\Program Files\Microsoft\jdk-17.0.16.8-hotspot\bin\management.dll
Event: 2.024 Loaded shared library C:\Program Files\Microsoft\jdk-17.0.16.8-hotspot\bin\management_ext.dll
Event: 2.528 Loaded shared library C:\Program Files\Microsoft\jdk-17.0.16.8-hotspot\bin\extnet.dll
Event: 2.851 Loaded shared library C:\Program Files\Microsoft\jdk-17.0.16.8-hotspot\bin\sunmscapi.dll
Event: 70.506 Loaded shared library C:\Program Files\Microsoft\jdk-17.0.16.8-hotspot\bin\rmi.dll

Deoptimization events (20 events):
Event: 544.146 Thread 0x0000021223630d30 DEOPT PACKING pc=0x000002126822e8ec sp=0x000000524affa6b0
Event: 544.146 Thread 0x0000021223630d30 DEOPT UNPACKING pc=0x00000212668669a3 sp=0x000000524affa628 mode 2
Event: 544.147 Thread 0x0000021223630d30 Uncommon trap: trap_request=0xffffff45 fr.pc=0x000002126823fe58 relative=0x0000000000001f58
Event: 544.147 Thread 0x0000021223630d30 Uncommon trap: reason=unstable_if action=reinterpret pc=0x000002126823fe58 method=com.sun.org.apache.xerces.internal.impl.XMLEntityScanner.scanContent(Lcom/sun/org/apache/xerces/internal/xni/XMLString;)I @ 103 c2
Event: 544.147 Thread 0x0000021223630d30 DEOPT PACKING pc=0x000002126823fe58 sp=0x000000524affa700
Event: 544.147 Thread 0x0000021223630d30 DEOPT UNPACKING pc=0x00000212668669a3 sp=0x000000524affa688 mode 2
Event: 544.147 Thread 0x0000021223630d30 Uncommon trap: trap_request=0xffffff45 fr.pc=0x0000021267221cb8 relative=0x0000000000000478
Event: 544.147 Thread 0x0000021223630d30 Uncommon trap: reason=unstable_if action=reinterpret pc=0x0000021267221cb8 method=com.sun.org.apache.xerces.internal.impl.XMLEntityScanner.scanContent(Lcom/sun/org/apache/xerces/internal/xni/XMLString;)I @ 44 c2
Event: 544.147 Thread 0x0000021223630d30 DEOPT PACKING pc=0x0000021267221cb8 sp=0x000000524affa630
Event: 544.147 Thread 0x0000021223630d30 DEOPT UNPACKING pc=0x00000212668669a3 sp=0x000000524affa5e8 mode 2
Event: 544.152 Thread 0x0000021223630d30 DEOPT PACKING pc=0x000002125fedc707 sp=0x000000524affa6b0
Event: 544.152 Thread 0x0000021223630d30 DEOPT UNPACKING pc=0x0000021266867143 sp=0x000000524aff9b80 mode 0
Event: 544.155 Thread 0x0000021223630d30 DEOPT PACKING pc=0x000002125fedc707 sp=0x000000524affa6b0
Event: 544.155 Thread 0x0000021223630d30 DEOPT UNPACKING pc=0x0000021266867143 sp=0x000000524aff9b80 mode 0
Event: 544.160 Thread 0x0000021223630d30 DEOPT PACKING pc=0x000002125fedc707 sp=0x000000524affa6b0
Event: 544.160 Thread 0x0000021223630d30 DEOPT UNPACKING pc=0x0000021266867143 sp=0x000000524aff9b80 mode 0
Event: 544.165 Thread 0x0000021223630d30 DEOPT PACKING pc=0x000002125fedc707 sp=0x000000524affa5f0
Event: 544.165 Thread 0x0000021223630d30 DEOPT UNPACKING pc=0x0000021266867143 sp=0x000000524aff9ab0 mode 0
Event: 544.175 Thread 0x0000021223630d30 DEOPT PACKING pc=0x000002125fedc707 sp=0x000000524affa5f0
Event: 544.175 Thread 0x0000021223630d30 DEOPT UNPACKING pc=0x0000021266867143 sp=0x000000524aff9ab0 mode 0

Classes loaded (20 events):
Event: 538.570 Loading class java/io/SequenceInputStream
Event: 538.570 Loading class java/io/SequenceInputStream done
Event: 539.807 Loading class java/util/Collections$UnmodifiableSortedMap
Event: 539.808 Loading class java/util/Collections$UnmodifiableSortedMap done
Event: 540.771 Loading class javax/management/MalformedObjectNameException
Event: 540.772 Loading class javax/management/MalformedObjectNameException done
Event: 540.772 Loading class javax/management/InstanceAlreadyExistsException
Event: 540.772 Loading class javax/management/InstanceAlreadyExistsException done
Event: 540.772 Loading class javax/management/MBeanRegistrationException
Event: 540.772 Loading class javax/management/MBeanException
Event: 540.772 Loading class javax/management/MBeanException done
Event: 540.772 Loading class javax/management/MBeanRegistrationException done
Event: 540.773 Loading class javax/management/NotCompliantMBeanException
Event: 540.773 Loading class javax/management/NotCompliantMBeanException done
Event: 540.773 Loading class javax/management/AttributeNotFoundException
Event: 540.773 Loading class javax/management/AttributeNotFoundException done
Event: 540.773 Loading class javax/management/ReflectionException
Event: 540.774 Loading class javax/management/ReflectionException done
Event: 540.774 Loading class javax/management/InstanceNotFoundException
Event: 540.774 Loading class javax/management/InstanceNotFoundException done

Classes unloaded (20 events):
Event: 534.336 Thread 0x0000021275fbb860 Unloading class 0x0000021202209798 'jdk/internal/jimage/ImageHeader'
Event: 534.336 Thread 0x0000021275fbb860 Unloading class 0x0000021202209568 'jdk/internal/jimage/BasicImageReader$2'
Event: 534.336 Thread 0x0000021275fbb860 Unloading class 0x0000021202209338 'jdk/internal/jimage/BasicImageReader$1'
Event: 534.336 Thread 0x0000021275fbb860 Unloading class 0x00000212022090d0 'jdk/internal/jimage/ImageReader$Resource'
Event: 534.336 Thread 0x0000021275fbb860 Unloading class 0x0000021202208e68 'jdk/internal/jimage/ImageReader$LinkNode'
Event: 534.336 Thread 0x0000021275fbb860 Unloading class 0x0000021202208c00 'jdk/internal/jimage/ImageReader$Directory'
Event: 534.336 Thread 0x0000021275fbb860 Unloading class 0x0000021202208998 'jdk/internal/jimage/ImageReader$Node'
Event: 534.336 Thread 0x0000021275fbb860 Unloading class 0x00000212022087a0 'jdk/internal/jimage/ImageStrings'
Event: 534.336 Thread 0x0000021275fbb860 Unloading class 0x00000212022084e0 'jdk/internal/jimage/ImageReader$SharedImageReader'
Event: 534.336 Thread 0x0000021275fbb860 Unloading class 0x0000021202208220 'jdk/internal/jimage/BasicImageReader'
Event: 534.336 Thread 0x0000021275fbb860 Unloading class 0x0000021202208000 'jdk/internal/jimage/ImageReader'
Event: 534.336 Thread 0x0000021275fbb860 Unloading class 0x0000021202207c58 'jdk/internal/jrtfs/SystemImage$2'
Event: 534.336 Thread 0x0000021275fbb860 Unloading class 0x0000021202207a40 'jdk/internal/jrtfs/SystemImage$$Lambda$5066+0x0000021202207a40'
Event: 534.336 Thread 0x0000021275fbb860 Unloading class 0x0000021202207810 'jdk/internal/jrtfs/ExplodedImage'
Event: 534.336 Thread 0x0000021275fbb860 Unloading class 0x00000212022075d8 'jdk/internal/jrtfs/SystemImage$1'
Event: 534.336 Thread 0x0000021275fbb860 Unloading class 0x0000021202206dd8 'jdk/internal/jrtfs/SystemImage'
Event: 534.336 Thread 0x0000021275fbb860 Unloading class 0x0000021202207378 'jdk/internal/jrtfs/JrtFileStore'
Event: 534.336 Thread 0x0000021275fbb860 Unloading class 0x0000021202207000 'jdk/internal/jrtfs/JrtPath'
Event: 534.336 Thread 0x0000021275fbb860 Unloading class 0x0000021202206ae0 'jdk/internal/jrtfs/JrtFileSystem'
Event: 534.336 Thread 0x0000021275fbb860 Unloading class 0x0000021202206800 'jdk/internal/jrtfs/JrtFileSystemProvider'

Classes redefined (0 events):
No events

Internal exceptions (20 events):
Event: 542.559 Thread 0x0000021223630d30 Exception <a 'sun/nio/fs/WindowsException'{0x00000000a79cf450}> (0x00000000a79cf450) 
thrown [s\src\hotspot\share\prims\jni.cpp, line 516]
Event: 542.560 Thread 0x0000021223630d30 Exception <a 'sun/nio/fs/WindowsException'{0x00000000a79d0398}> (0x00000000a79d0398) 
thrown [s\src\hotspot\share\prims\jni.cpp, line 516]
Event: 542.560 Thread 0x0000021223630d30 Exception <a 'sun/nio/fs/WindowsException'{0x00000000a79d05a8}> (0x00000000a79d05a8) 
thrown [s\src\hotspot\share\prims\jni.cpp, line 516]
Event: 542.560 Thread 0x0000021223630d30 Exception <a 'sun/nio/fs/WindowsException'{0x00000000a79d1758}> (0x00000000a79d1758) 
thrown [s\src\hotspot\share\prims\jni.cpp, line 516]
Event: 542.578 Thread 0x0000021223630d30 Exception <a 'sun/nio/fs/WindowsException'{0x00000000a7823d48}> (0x00000000a7823d48) 
thrown [s\src\hotspot\share\prims\jni.cpp, line 516]
Event: 542.578 Thread 0x0000021223630d30 Exception <a 'sun/nio/fs/WindowsException'{0x00000000a7824c78}> (0x00000000a7824c78) 
thrown [s\src\hotspot\share\prims\jni.cpp, line 516]
Event: 542.578 Thread 0x0000021223630d30 Exception <a 'sun/nio/fs/WindowsException'{0x00000000a7824e70}> (0x00000000a7824e70) 
thrown [s\src\hotspot\share\prims\jni.cpp, line 516]
Event: 542.578 Thread 0x0000021223630d30 Exception <a 'sun/nio/fs/WindowsException'{0x00000000a7825ff8}> (0x00000000a7825ff8) 
thrown [s\src\hotspot\share\prims\jni.cpp, line 516]
Event: 543.089 Thread 0x0000021223630d30 Exception <a 'sun/nio/fs/WindowsException'{0x00000000a5ac4f30}> (0x00000000a5ac4f30) 
thrown [s\src\hotspot\share\prims\jni.cpp, line 516]
Event: 543.090 Thread 0x0000021223630d30 Exception <a 'sun/nio/fs/WindowsException'{0x00000000a5ac5e68}> (0x00000000a5ac5e68) 
thrown [s\src\hotspot\share\prims\jni.cpp, line 516]
Event: 543.090 Thread 0x0000021223630d30 Exception <a 'sun/nio/fs/WindowsException'{0x00000000a5ac6068}> (0x00000000a5ac6068) 
thrown [s\src\hotspot\share\prims\jni.cpp, line 516]
Event: 543.129 Thread 0x0000021276663300 Exception <a 'sun/nio/fs/WindowsException'{0x00000000a7ba0940}> (0x00000000a7ba0940) 
thrown [s\src\hotspot\share\prims\jni.cpp, line 516]
Event: 543.129 Thread 0x0000021276663300 Exception <a 'sun/nio/fs/WindowsException'{0x00000000a7ba1860}> (0x00000000a7ba1860) 
thrown [s\src\hotspot\share\prims\jni.cpp, line 516]
Event: 543.129 Thread 0x0000021276663300 Exception <a 'sun/nio/fs/WindowsException'{0x00000000a7ba2740}> (0x00000000a7ba2740) 
thrown [s\src\hotspot\share\prims\jni.cpp, line 516]
Event: 543.129 Thread 0x0000021276663300 Exception <a 'sun/nio/fs/WindowsException'{0x00000000a7ba28e8}> (0x00000000a7ba28e8) 
thrown [s\src\hotspot\share\prims\jni.cpp, line 516]
Event: 543.130 Thread 0x0000021276663300 Exception <a 'sun/nio/fs/WindowsException'{0x00000000a7ba36a0}> (0x00000000a7ba36a0) 
thrown [s\src\hotspot\share\prims\jni.cpp, line 516]
Event: 543.130 Thread 0x0000021276663300 Exception <a 'sun/nio/fs/WindowsException'{0x00000000a7ba4630}> (0x00000000a7ba4630) 
thrown [s\src\hotspot\share\prims\jni.cpp, line 516]
Event: 543.663 Thread 0x0000021223631240 Exception <a 'sun/nio/fs/WindowsException'{0x00000000a512dcf0}> (0x00000000a512dcf0) 
thrown [s\src\hotspot\share\prims\jni.cpp, line 516]
Event: 543.663 Thread 0x0000021223631240 Exception <a 'sun/nio/fs/WindowsException'{0x00000000a512ec10}> (0x00000000a512ec10) 
thrown [s\src\hotspot\share\prims\jni.cpp, line 516]
Event: 543.664 Thread 0x0000021223631240 Exception <a 'sun/nio/fs/WindowsException'{0x00000000a512edf8}> (0x00000000a512edf8) 
thrown [s\src\hotspot\share\prims\jni.cpp, line 516]

VM Operations (20 events):
Event: 539.724 Executing VM operation: Cleanup done
Event: 539.812 Executing VM operation: HandshakeAllThreads
Event: 540.076 Executing VM operation: HandshakeAllThreads done
Event: 540.118 Executing VM operation: HandshakeAllThreads
Event: 540.135 Executing VM operation: HandshakeAllThreads done
Event: 540.168 Executing VM operation: HandshakeAllThreads
Event: 540.169 Executing VM operation: HandshakeAllThreads done
Event: 540.937 Executing VM operation: HandshakeAllThreads
Event: 540.938 Executing VM operation: HandshakeAllThreads done
Event: 540.938 Executing VM operation: Cleanup
Event: 540.939 Executing VM operation: Cleanup done
Event: 540.968 Executing VM operation: HandshakeAllThreads
Event: 541.399 Executing VM operation: HandshakeAllThreads done
Event: 541.424 Executing VM operation: HandshakeAllThreads
Event: 541.425 Executing VM operation: HandshakeAllThreads done
Event: 542.425 Executing VM operation: Cleanup
Event: 542.461 Executing VM operation: Cleanup done
Event: 543.462 Executing VM operation: Cleanup
Event: 543.622 Executing VM operation: Cleanup done
Event: 544.622 Executing VM operation: Cleanup

Memory protections (0 events):
No events

Nmethod flushes (20 events):
Event: 541.489 Thread 0x0000021275feeca0 flushing  nmethod 0x000002126202f890
Event: 541.489 Thread 0x0000021275feeca0 flushing  nmethod 0x0000021262030810
Event: 541.489 Thread 0x0000021275feeca0 flushing  nmethod 0x0000021262031490
Event: 541.489 Thread 0x0000021275feeca0 flushing  nmethod 0x0000021262033390
Event: 541.489 Thread 0x0000021275feeca0 flushing  nmethod 0x0000021262033c90
Event: 541.489 Thread 0x0000021275feeca0 flushing  nmethod 0x000002126203a790
Event: 541.489 Thread 0x0000021275feeca0 flushing  nmethod 0x000002126203b010
Event: 541.490 Thread 0x0000021275feeca0 flushing  nmethod 0x000002126203db10
Event: 541.490 Thread 0x0000021275feeca0 flushing  nmethod 0x0000021262040390
Event: 541.490 Thread 0x0000021275feeca0 flushing  nmethod 0x0000021262043d90
Event: 541.490 Thread 0x0000021275feeca0 flushing  nmethod 0x0000021262045110
Event: 541.490 Thread 0x0000021275feeca0 flushing  nmethod 0x0000021262045910
Event: 541.490 Thread 0x0000021275feeca0 flushing  nmethod 0x0000021262046410
Event: 541.490 Thread 0x0000021275feeca0 flushing  nmethod 0x0000021262046b90
Event: 541.490 Thread 0x0000021275feeca0 flushing  nmethod 0x0000021262047310
Event: 541.490 Thread 0x0000021275feeca0 flushing  nmethod 0x0000021262054890
Event: 541.490 Thread 0x0000021275feeca0 flushing  nmethod 0x00000212620ac390
Event: 541.490 Thread 0x0000021275feeca0 flushing  nmethod 0x00000212620ac990
Event: 541.490 Thread 0x0000021275feeca0 flushing  nmethod 0x00000212620ace90
Event: 541.490 Thread 0x0000021275feeca0 flushing  nmethod 0x00000212620ad790

Events (20 events):
Event: 528.981 Thread 0x0000021276663810 Thread added: 0x000002127d6d6cb0
Event: 528.981 Thread 0x0000021276663810 Thread added: 0x000002127d6d5360
Event: 528.981 Thread 0x0000021276663810 Thread added: 0x0000021224066a90
Event: 528.982 Thread 0x0000021276663810 Thread added: 0x0000021224064210
Event: 529.406 Thread 0x0000021223630d30 Thread added: 0x000002121b787b80
Event: 529.406 Thread 0x0000021223630d30 Thread added: 0x000002121b785300
Event: 529.502 Thread 0x0000021275ece330 Thread added: 0x000002127c7ba9a0
Event: 532.544 Thread 0x0000021275ecf260 Thread exited: 0x0000021275ecf260
Event: 533.057 Thread 0x0000021223630d30 Thread added: 0x000002127e6a6a80
Event: 534.419 Thread 0x0000021276663810 Thread added: 0x000002121c534c70
Event: 535.881 Thread 0x000002121c29be10 Thread exited: 0x000002121c29be10
Event: 535.971 Thread 0x0000021275fee390 Thread added: 0x00000212250b3d70
Event: 536.430 Thread 0x000002127e7d0920 Thread exited: 0x000002127e7d0920
Event: 536.554 Thread 0x0000021223405ca0 Thread exited: 0x0000021223405ca0
Event: 540.588 Thread 0x000002121c534c70 Thread added: 0x0000021224065650
Event: 541.738 Thread 0x00000212250b3d70 Thread exited: 0x00000212250b3d70
Event: 541.979 Thread 0x000002121c29c8b0 Thread exited: 0x000002121c29c8b0
Event: 542.578 Thread 0x0000021275fea580 Thread added: 0x000002127d95dad0
Event: 542.579 Thread 0x0000021275fea580 Thread added: 0x000002127d95e020
Event: 542.591 Thread 0x0000021275ecd910 Thread exited: 0x0000021275ecd910


Dynamic libraries:
0x00007ff611f00000 - 0x00007ff611f0e000 	C:\Program Files\Microsoft\jdk-17.0.16.8-hotspot\bin\java.exe
0x00007ff9ad320000 - 0x00007ff9ad587000 	C:\WINDOWS\SYSTEM32\ntdll.dll
0x00007ff9ab330000 - 0x00007ff9ab3f9000 	C:\WINDOWS\System32\KERNEL32.DLL
0x00007ff9aa7c0000 - 0x00007ff9aabaf000 	C:\WINDOWS\System32\KERNELBASE.dll
0x00007ff9aad60000 - 0x00007ff9aaeab000 	C:\WINDOWS\System32\ucrtbase.dll
0x00007ff992ea0000 - 0x00007ff992ebe000 	C:\Program Files\Microsoft\jdk-17.0.16.8-hotspot\bin\VCRUNTIME140.dll
0x00007ff993900000 - 0x00007ff993918000 	C:\Program Files\Microsoft\jdk-17.0.16.8-hotspot\bin\jli.dll
0x00007ff9ab630000 - 0x00007ff9ab7f5000 	C:\WINDOWS\System32\USER32.dll
0x00007ff9aabc0000 - 0x00007ff9aabe7000 	C:\WINDOWS\System32\win32u.dll
0x00007ff993ea0000 - 0x00007ff994133000 	C:\WINDOWS\WinSxS\amd64_microsoft.windows.common-controls_6595b64144ccf1df_6.0.26100.7309_none_3e05feeae336a044\COMCTL32.dll
0x00007ff9ab500000 - 0x00007ff9ab52b000 	C:\WINDOWS\System32\GDI32.dll
0x00007ff9ac420000 - 0x00007ff9ac4c9000 	C:\WINDOWS\System32\msvcrt.dll
0x00007ff9aa530000 - 0x00007ff9aa65c000 	C:\WINDOWS\System32\gdi32full.dll
0x00007ff9aa710000 - 0x00007ff9aa7b3000 	C:\WINDOWS\System32\msvcp_win.dll
0x00007ff9ac680000 - 0x00007ff9ac6b1000 	C:\WINDOWS\System32\IMM32.DLL
0x00007ff9a5610000 - 0x00007ff9a561c000 	C:\Program Files\Microsoft\jdk-17.0.16.8-hotspot\bin\vcruntime140_1.dll
0x00007ff992e10000 - 0x00007ff992e99000 	C:\Program Files\Microsoft\jdk-17.0.16.8-hotspot\bin\msvcp140.dll
0x00007ff8ead30000 - 0x00007ff8eb9aa000 	C:\Program Files\Microsoft\jdk-17.0.16.8-hotspot\bin\server\jvm.dll
0x00007ff9ab410000 - 0x00007ff9ab4c4000 	C:\WINDOWS\System32\ADVAPI32.dll
0x00007ff9ac200000 - 0x00007ff9ac2a6000 	C:\WINDOWS\System32\sechost.dll
0x00007ff9ac9a0000 - 0x00007ff9acab8000 	C:\WINDOWS\System32\RPCRT4.dll
0x00007ff9ac390000 - 0x00007ff9ac404000 	C:\WINDOWS\System32\WS2_32.dll
0x00007ff9aa2d0000 - 0x00007ff9aa32e000 	C:\WINDOWS\SYSTEM32\POWRPROF.dll
0x00007ff9962b0000 - 0x00007ff9962e5000 	C:\WINDOWS\SYSTEM32\WINMM.dll
0x00007ff9996e0000 - 0x00007ff9996eb000 	C:\WINDOWS\SYSTEM32\VERSION.dll
0x00007ff9aa2b0000 - 0x00007ff9aa2c4000 	C:\WINDOWS\SYSTEM32\UMPDC.dll
0x00007ff9a9220000 - 0x00007ff9a923b000 	C:\WINDOWS\SYSTEM32\kernel.appcore.dll
0x00007ff9988d0000 - 0x00007ff9988da000 	C:\Program Files\Microsoft\jdk-17.0.16.8-hotspot\bin\jimage.dll
0x00007ff999a40000 - 0x00007ff999c82000 	C:\WINDOWS\SYSTEM32\DBGHELP.DLL
0x00007ff9acf50000 - 0x00007ff9ad2d5000 	C:\WINDOWS\System32\combase.dll
0x00007ff9ac2b0000 - 0x00007ff9ac386000 	C:\WINDOWS\System32\OLEAUT32.dll
0x00007ff979d70000 - 0x00007ff979dac000 	C:\WINDOWS\SYSTEM32\dbgcore.DLL
0x00007ff9aa660000 - 0x00007ff9aa705000 	C:\WINDOWS\System32\bcryptPrimitives.dll
0x00007ff993010000 - 0x00007ff99301f000 	C:\Program Files\Microsoft\jdk-17.0.16.8-hotspot\bin\instrument.dll
0x00007ff992de0000 - 0x00007ff992e06000 	C:\Program Files\Microsoft\jdk-17.0.16.8-hotspot\bin\java.dll
0x00007ff992d00000 - 0x00007ff992dd6000 	C:\Program Files\Microsoft\jdk-17.0.16.8-hotspot\bin\jsvml.dll
0x00007ff9ab9c0000 - 0x00007ff9ac113000 	C:\WINDOWS\System32\SHELL32.dll
0x00007ff9aabf0000 - 0x00007ff9aad5a000 	C:\WINDOWS\System32\wintypes.dll
0x00007ff9a80b0000 - 0x00007ff9a890e000 	C:\WINDOWS\SYSTEM32\windows.storage.dll
0x00007ff9ab530000 - 0x00007ff9ab625000 	C:\WINDOWS\System32\SHCORE.dll
0x00007ff9ac610000 - 0x00007ff9ac676000 	C:\WINDOWS\System32\shlwapi.dll
0x00007ff9aa390000 - 0x00007ff9aa3b9000 	C:\WINDOWS\SYSTEM32\profapi.dll
0x00007ff992ca0000 - 0x00007ff992cb8000 	C:\Program Files\Microsoft\jdk-17.0.16.8-hotspot\bin\zip.dll
0x00007ff992ce0000 - 0x00007ff992cfb000 	C:\Program Files\Microsoft\jdk-17.0.16.8-hotspot\bin\net.dll
0x00007ff9a2010000 - 0x00007ff9a2138000 	C:\WINDOWS\SYSTEM32\WINHTTP.dll
0x00007ff9a9790000 - 0x00007ff9a97fb000 	C:\WINDOWS\system32\mswsock.dll
0x00007ff992cc0000 - 0x00007ff992cd6000 	C:\Program Files\Microsoft\jdk-17.0.16.8-hotspot\bin\nio.dll
0x00007ff996490000 - 0x00007ff9964a0000 	C:\Program Files\Microsoft\jdk-17.0.16.8-hotspot\bin\verify.dll
0x00007ff992c70000 - 0x00007ff992c97000 	C:\Users\luiss\.gradle\native\1def1411415f61bf3af743bc5b6707747c0891f09f0c88961ee8f79bc544acac\windows-amd64\native-platform.dll
0x00007ff993280000 - 0x00007ff9932f8000 	C:\Users\luiss\.gradle\native\0.2.7\x86_64-windows-gnu\gradle-fileevents.dll
0x00007ff996570000 - 0x00007ff99657a000 	C:\Program Files\Microsoft\jdk-17.0.16.8-hotspot\bin\management.dll
0x00007ff996540000 - 0x00007ff99654c000 	C:\Program Files\Microsoft\jdk-17.0.16.8-hotspot\bin\management_ext.dll
0x00007ff9ab140000 - 0x00007ff9ab148000 	C:\WINDOWS\System32\PSAPI.DLL
0x00007ff9a8c30000 - 0x00007ff9a8c64000 	C:\WINDOWS\SYSTEM32\IPHLPAPI.DLL
0x00007ff9ac410000 - 0x00007ff9ac41a000 	C:\WINDOWS\System32\NSI.dll
0x00007ff9a1fe0000 - 0x00007ff9a1ffe000 	C:\WINDOWS\SYSTEM32\dhcpcsvc6.DLL
0x00007ff9a1fb0000 - 0x00007ff9a1fd3000 	C:\WINDOWS\SYSTEM32\dhcpcsvc.DLL
0x00007ff9a8cc0000 - 0x00007ff9a8dec000 	C:\WINDOWS\SYSTEM32\DNSAPI.dll
0x00007ff992b10000 - 0x00007ff992b19000 	C:\Program Files\Microsoft\jdk-17.0.16.8-hotspot\bin\extnet.dll
0x00007ff9a9a50000 - 0x00007ff9a9a6b000 	C:\WINDOWS\SYSTEM32\CRYPTSP.dll
0x00007ff9a9180000 - 0x00007ff9a91ba000 	C:\WINDOWS\system32\rsaenh.dll
0x00007ff9a9840000 - 0x00007ff9a986b000 	C:\WINDOWS\SYSTEM32\USERENV.dll
0x00007ff9aa360000 - 0x00007ff9aa38a000 	C:\WINDOWS\SYSTEM32\bcrypt.dll
0x00007ff9a9a70000 - 0x00007ff9a9a7c000 	C:\WINDOWS\SYSTEM32\CRYPTBASE.dll
0x00007ff992be0000 - 0x00007ff992bee000 	C:\Program Files\Microsoft\jdk-17.0.16.8-hotspot\bin\sunmscapi.dll
0x00007ff9aaeb0000 - 0x00007ff9ab027000 	C:\WINDOWS\System32\CRYPT32.dll
0x00007ff9a9c70000 - 0x00007ff9a9ca0000 	C:\WINDOWS\SYSTEM32\ncrypt.dll
0x00007ff9a9c20000 - 0x00007ff9a9c5f000 	C:\WINDOWS\SYSTEM32\NTASN1.dll
0x00007ff976b20000 - 0x00007ff976b28000 	C:\WINDOWS\system32\wshunix.dll
0x00007ff9a9340000 - 0x00007ff9a9376000 	C:\WINDOWS\SYSTEM32\ntmarta.dll
0x00007ff992380000 - 0x00007ff992398000 	C:\WINDOWS\system32\napinsp.dll
0x00007ff991040000 - 0x00007ff991052000 	C:\WINDOWS\System32\winrnr.dll
0x00007ff991010000 - 0x00007ff991032000 	C:\WINDOWS\system32\nlansp_c.dll
0x00007ff990370000 - 0x00007ff990386000 	C:\WINDOWS\system32\wshbth.dll
0x00007ff99d570000 - 0x00007ff99d57b000 	C:\Windows\System32\rasadhlp.dll
0x00007ff99dc60000 - 0x00007ff99dce6000 	C:\WINDOWS\System32\fwpuclnt.dll
0x00007ff9a75d0000 - 0x00007ff9a75d7000 	C:\Program Files\Microsoft\jdk-17.0.16.8-hotspot\bin\rmi.dll

dbghelp: loaded successfully - version: 4.0.5 - missing functions: none
symbol engine: initialized successfully - sym options: 0x614 - pdb path: .;C:\Program Files\Microsoft\jdk-17.0.16.8-hotspot\bin;C:\WINDOWS\SYSTEM32;C:\WINDOWS\WinSxS\amd64_microsoft.windows.common-controls_6595b64144ccf1df_6.0.26100.7309_none_3e05feeae336a044;C:\Program Files\Microsoft\jdk-17.0.16.8-hotspot\bin\server;C:\Users\luiss\.gradle\native\1def1411415f61bf3af743bc5b6707747c0891f09f0c88961ee8f79bc544acac\windows-amd64;C:\Users\luiss\.gradle\native\0.2.7\x86_64-windows-gnu

VM Arguments:
jvm_args: --add-opens=java.base/java.lang=ALL-UNNAMED --add-opens=java.base/java.lang.invoke=ALL-UNNAMED --add-opens=java.base/java.util=ALL-UNNAMED --add-opens=java.prefs/java.util.prefs=ALL-UNNAMED --add-exports=jdk.compiler/com.sun.tools.javac.api=ALL-UNNAMED --add-exports=jdk.compiler/com.sun.tools.javac.util=ALL-UNNAMED --add-opens=java.base/java.util=ALL-UNNAMED --add-opens=java.prefs/java.util.prefs=ALL-UNNAMED --add-opens=java.base/java.nio.charset=ALL-UNNAMED --add-opens=java.base/java.net=ALL-UNNAMED --add-opens=java.base/java.util.concurrent.atomic=ALL-UNNAMED --add-opens=java.xml/javax.xml.namespace=ALL-UNNAMED -XX:MaxMetaspaceSize=512m -Xmx2048m -Dfile.encoding=windows-1252 -Duser.country=MX -Duser.language=es -Duser.variant -javaagent:C:\Users\luiss\.gradle\wrapper\dists\gradle-8.13-bin\5xuhj0ry160q40clulazy9h7d\gradle-8.13\lib\agents\gradle-instrumentation-agent-8.13.jar 
java_command: org.gradle.launcher.daemon.bootstrap.GradleDaemon 8.13
java_class_path (initial): C:\Users\luiss\.gradle\wrapper\dists\gradle-8.13-bin\5xuhj0ry160q40clulazy9h7d\gradle-8.13\lib\gradle-daemon-main-8.13.jar
Launcher Type: SUN_STANDARD

[Global flags]
     intx CICompilerCount                          = 4                                         {product} {ergonomic}
   size_t CompressedClassSpaceSize                 = 436207616                                 {product} {ergonomic}
     uint ConcGCThreads                            = 3                                         {product} {ergonomic}
     uint G1ConcRefinementThreads                  = 10                                        {product} {ergonomic}
   size_t G1HeapRegionSize                         = 1048576                                   {product} {ergonomic}
    uintx GCDrainStackTargetSize                   = 64                                        {product} {ergonomic}
   size_t InitialHeapSize                          = 266338304                                 {product} {ergonomic}
   size_t MarkStackSize                            = 4194304                                   {product} {ergonomic}
   size_t MaxHeapSize                              = 2147483648                                {product} {command line}
   size_t MaxMetaspaceSize                         = 536870912                                 {product} {command line}
   size_t MaxNewSize                               = 1287651328                                {product} {ergonomic}
   size_t MinHeapDeltaBytes                        = 1048576                                   {product} {ergonomic}
   size_t MinHeapSize                              = 8388608                                   {product} {ergonomic}
    uintx NonNMethodCodeHeapSize                   = 5839372                                {pd product} {ergonomic}
    uintx NonProfiledCodeHeapSize                  = 122909434                              {pd product} {ergonomic}
    uintx ProfiledCodeHeapSize                     = 122909434                              {pd product} {ergonomic}
    uintx ReservedCodeCacheSize                    = 251658240                              {pd product} {ergonomic}
     bool SegmentedCodeCache                       = true                                      {product} {ergonomic}
   size_t SoftMaxHeapSize                          = 2147483648                             {manageable} {ergonomic}
     bool UseCompressedClassPointers               = true                           {product lp64_product} {ergonomic}
     bool UseCompressedOops                        = true                           {product lp64_product} {ergonomic}
     bool UseG1GC                                  = true                                      {product} {ergonomic}
     bool UseLargePagesIndividualAllocation        = false                                  {pd product} {ergonomic}

Logging:
Log output configuration:
 #0: stdout all=warning uptime,level,tags
 #1: stderr all=off uptime,level,tags

Environment Variables:
JAVA_HOME=C:\Program Files\Microsoft\jdk-17.0.16.8-hotspot
PATH=C:\Program Files\nodejs;C:\Program Files\Microsoft\jdk-17.0.16.8-hotspot\bin;C:\Program Files\Microsoft\jdk-17.0.16.8-hotspot\bin;C:\Program Files\Python311\Scripts\;C:\Program Files\Python311\;C:\WINDOWS\system32;C:\WINDOWS;C:\WINDOWS\System32\Wbem;C:\WINDOWS\System32\WindowsPowerShell\v1.0\;C:\WINDOWS\System32\OpenSSH\;C:\ProgramData\chocolatey\bin;C:\Program Files\Microsoft VS Code\bin;C:\Program Files (x86)\Yarn\bin\;C:\Program Files\MongoDB\Server\6.0\bin;C:\Users\luiss\Downloads\mongosh-1.6.1-win32-x64\mongosh-1.6.1-win32-x64\bin;C:\Program Files\dotnet\;C:\Program Files\Microsoft SQL Server\150\Tools\Binn\;C:\Program Files\Microsoft SQL Server\Client SDK\ODBC\170\Tools\Binn\;C:\Program Files\Microsoft SQL Server\Client SDK\ODBC\130\Tools\Binn\;C:\Program Files (x86)\Microsoft SQL Server\140\Tools\Binn\;C:\Program Files\Microsoft SQL Server\140\Tools\Binn\;C:\Program Files\Microsoft SQL Server\140\DTS\Binn\;C:\Program Files (x86)\Microsoft SQL Server\160\DTS\Binn\;C:\Program Files\Microsoft SQL Server\1;C:\Program Files\Microsoft\jdk-17.0.16.8-hotspot\bin;C:\Users\luiss\AppData\Local\pnpm;C:\Users\luiss\flutter\bin;C:\Users\luiss\AppData\Local\Android\Sdk\tools;C:\Users\luiss\AppData\Local\Microsoft\WindowsApps;C:\Users\luiss\AppData\Local\Android\Sdk\platform-tools;C:\Program Files\heroku\bin;C:\Users\luiss\AppData\Local\Yarn\bin;C:\Program Files\Python311;C:\Users\luiss\AppData\Local\GitHubDesktop\bin;C:\Program Files\Azure Data Studio\bin;C:\Users\luiss\.bun\bin;C:\Users\luiss\.dotnet\tools;C:\Users\luiss\AppData\Local\Programs\Windsurf\bin;C:\Program Files\Git\bin;C:\Users\luiss\AppData\Local\Programs\Azure Data Studio\bin;C:\Users\luiss\AppData\Local\Microsoft\WindowsApps;C:\Users\luiss\AppData\Local\Programs\Windsurf Next\bin;C:\Users\luiss\AppData\Roaming\npm
USERNAME=luiss
LANG=en_US.UTF-8
OS=Windows_NT
PROCESSOR_IDENTIFIER=Intel64 Family 6 Model 158 Stepping 10, GenuineIntel
TMP=C:\Users\luiss\AppData\Local\Temp
TEMP=C:\Users\luiss\AppData\Local\Temp



Periodic native trim disabled


---------------  S Y S T E M  ---------------

OS:
 Windows 11 , 64 bit Build 26100 (10.0.26100.7309)
OS uptime: 21 days 21:42 hours

CPU: total 12 (initial active 12) (6 cores per cpu, 2 threads per core) family 6 model 158 stepping 10 microcode 0xf4, cx8, cmov, fxsr, ht, mmx, 3dnowpref, sse, sse2, sse3, ssse3, sse4.1, sse4.2, popcnt, lzcnt, tsc, tscinvbit, avx, avx2, aes, erms, clmul, bmi1, bmi2, rtm, adx, fma, vzeroupper, clflush, clflushopt
Processor Information for the first 12 processors :
  Max Mhz: 2400, Current Mhz: 2400, Mhz Limit: 2400

Memory: 4k page, system-wide physical 16253M (2042M free)
TotalPageFile size 44877M (AvailPageFile size 946M)
current process WorkingSet (physical memory assigned to process): 1088M, peak: 1088M
current process commit charge ("private bytes"): 1410M, peak: 1730M

vm_info: OpenJDK 64-Bit Server VM (17.0.16+8-LTS) for windows-amd64 JRE (17.0.16+8-LTS), built on Jul 10 2025 00:24:24 by "MicrosoftCorporation" with unknown MS VC++:1944

END.
